ID_Cliente,ID_Produto,Quantidade
2,14,50
12,]4,7
12,22,42
9,11,73
1,5,12
14,2,79
1,8,85
2,23,72
7,1,46
13,5,57
12,19,67
7,25,83
10,15,67
3,14,70
8,5,19
7,10,93
3,10,12
8,26,2
15,13,94
9,19,51
12,4,64
4,25,91
5,27,40
13,18,19
11,25,59
9,11,91
4,9,42
8,23,35
9,1,79
3,17,5
3,9,19
11,6,26
4,1,57
6,7,7
2,16,98
13,13,11
8,17,93
8,22,36
12,14,28
15,15,39
12,12,69
10,11,31
5,18,92
11,6,39
11,22,53
13,13,32
15,14,54
7,4,48
15,22,64
8,25,5
3,2,51
3,3,83
2,28,24
12,6,52
6,10,83
3,3,91
12,23,7
4,14,6
1,2,52
12,22,87
13,9,9
2,18,84
11,20,39
5,27,5
11,13,74
1,2,22
11,9,30
15,19,86
11,30,75
11,25,5
9,14,95
8,20,88
13,18,27
1,13,81
15,16,76
7,16,58
6,26,13
10,3,50
4,2,18
12,18,93
11,19,33
8,7,33
2,4,57
1,7,75
9,16,5
12,19,1
4,7,88
10,29,12
12,19,24
1,3,54
2,9,54
4,1,34
3,16,81
15,25,58
13,11,21
14,25,13
3,5,66
13,23,13
9,30,73
1,13,53
12,26,64
6,15,47
6,27,66
14,6,73
15,3,25
3,29,75
5,20,10
11,17,93
2,13,19
14,15,91
1,19,57
1,24,11
10,17,37
2,22,77
7,17,3
8,14,46
9,22,9
15,16,29
2,2,100
12,30,39
7,13,38
2,11,97
5,23,43
5,2,75
11,22,10
1,23,12
7,11,14
9,20,7
6,7,65
15,30,26
3,24,74
2,17,56
13,19,4
12,3,46
2,26,87
5,24,43
3,19,59
15,9,69
10,23,64
14,3,84
12,11,1
9,12,3
14,1,55
8,19,88
11,19,34
1,6,4
2,6,31
9,20,77
7,10,53
9,11,2
12,11,97
13,1,90
1,23,72
11,11,83
1,3,72
12,21,10
4,8,41
15,3,7
14,23,71
4,3,73
7,24,27
4,1,35
6,29,73
7,12,91
1,16,95
6,28,81
6,27,60
6,27,96
14,22,31
13,23,19
14,26,15
8,10,51
7,3,27
11,26,74
11,15,27
14,1,46
13,25,58
9,1,40
12,7,50
12,23,68
1,28,59
6,12,68
9,28,89
2,6,64
13,22,20
9,10,10
3,19,96
9,27,60
11,27,60
9,20,1
5,14,83
15,25,19
9,3,62
1,26,49
15,12,99
8,18,35
14,29,65
4,4,22
15,30,84
2,17,22
6,3,59
4,29,8
10,16,34
7,22,28
8,23,11
10,15,8
2,25,22
5,2,9
15,9,28
13,22,6
2,10,82
7,3,79
3,15,68
2,8,50
12,25,90
14,18,1
15,11,51
6,8,77
10,8,70
15,22,82
11,11,51
11,26,33
1,10,42
3,2,72
15,18,4
10,12,14
15,20,41
14,7,84
12,13,9
12,7,52
2,28,76
15,13,100
12,22,71
12,20,35
2,23,98
15,19,42
8,20,83
11,19,29
15,23,58
2,24,32
4,16,95
7,7,27
7,24,87
13,1,25
11,14,96
10,7,11
12,5,10
13,30,79
7,17,17
14,26,67
12,24,31
10,13,75
11,2,93
8,9,89
11,22,67
1,8,73
1,4,15
5,6,19
4,1,86
13,21,84
7,25,70
4,18,87
6,4,77
15,11,51
3,14,54
6,24,48
5,23,49
2,12,43
4,20,46
10,15,36
15,18,49
3,23,19
8,14,87
12,25,47
6,20,15
15,3,59
2,4,28
9,6,18
12,30,93
9,22,32
13,20,18
14,3,10
13,9,45
1,15,18
11,12,69
11,21,29
4,25,77
11,19,15
5,25,96
6,6,95
13,24,6
14,27,38
3,3,64
13,17,78
3,14,15
15,22,85
3,10,72
4,15,84
13,2,46
9,23,41
12,23,22
12,15,29
6,20,89
10,28,59
13,26,58
3,1,5
14,1,86
4,7,68
6,23,58
11,28,47
8,9,82
5,3,6
8,4,27
7,1,47
5,5,49
7,27,5
9,19,11
5,22,2
1,2,27
10,28,19
4,17,22
15,2,25
15,28,89
10,19,99
6,12,80
7,11,52
14,19,5
12,6,84
4,13,41
13,30,87
14,17,85
10,16,66
12,21,100
7,17,46
13,14,64
11,12,93
5,28,46
14,23,95
13,3,37
8,15,98
4,10,16
4,27,7
2,20,11
5,24,58
5,19,54
8,16,38
15,19,12
12,23,96
12,14,72
8,11,83
7,17,78
9,22,66
10,2,88
15,24,22
8,6,9
4,16,39
11,12,20
15,23,94
6,2,24
12,11,34
2,30,23
12,18,85
2,13,65
3,11,73
3,27,3
13,18,64
8,22,82
11,27,57
7,18,4
5,14,98
5,17,64
12,19,66
5,27,93
5,10,61
8,30,18
9,1,96
6,11,28
1,30,91
1,4,6
1,14,42
1,28,34
8,29,65
5,21,69
7,16,45
2,3,26
11,30,17
1,4,71
9,30,29
15,8,16
6,22,50
11,15,38
8,27,91
2,9,75
15,19,4
1,26,9
2,23,85
12,23,71
5,1,7
12,23,26
14,11,31
3,23,35
2,5,38
13,10,14
1,8,70
5,1,44
10,23,30
13,6,57
14,23,84
9,25,21
5,1,93
15,26,32
4,26,35
1,4,52
2,16,78
5,19,93
15,15,93
4,17,7
15,2,96
14,1,18
5,16,50
15,7,67
8,21,15
7,13,1
14,6,20
1,1,66
3,21,13
5,23,57
3,28,84
13,8,34
14,12,67
13,3,33
1,26,75
11,23,13
10,20,66
3,29,81
10,1,15
14,24,11
7,4,53
12,17,98
7,12,22
15,13,71
10,1,73
9,18,40
11,26,90
11,12,80
11,18,64
1,6,93
2,14,2
3,18,81
2,19,30
12,4,72
9,22,75
3,26,36
13,27,81
12,6,71
8,23,15
2,20,81
13,7,31
10,26,45
5,9,56
13,18,46
7,19,64
10,10,72
2,13,30
8,15,52
2,22,12
8,21,51
15,19,5
14,27,54
2,5,6
9,6,74
15,29,100
9,22,15
7,30,35
9,7,24
15,13,81
1,10,100
11,21,60
6,28,99
2,16,34
4,6,35
3,19,88
5,15,47
3,13,30
3,24,28
5,7,46
8,8,32
9,17,37
2,17,38
10,6,33
13,28,19
8,17,78
10,26,67
7,8,55
5,25,90
8,20,10
7,10,32
8,10,75
8,1,38
6,1,36
2,6,71
14,12,24
9,26,98
11,1,82
10,20,44
2,4,95
13,15,85
2,24,93
6,19,62
9,22,76
12,26,77
2,1,18
5,9,95
6,24,21
2,19,22
10,23,50
12,30,80
6,24,52
7,9,50
11,23,3
15,8,43
9,4,1
4,6,87
3,26,69
9,28,35
6,17,23
11,1,6
5,20,77
7,21,34
9,19,24
4,22,71
10,14,71
3,8,4
10,17,19
11,4,30
9,30,9
13,25,17
8,27,75
4,2,65
7,26,19
15,13,77
5,3,86
5,28,1
2,12,34
13,20,75
4,14,81
5,11,12
13,1,95
10,11,75
4,10,97
3,30,84
1,17,45
5,21,83
4,10,59
12,29,9
13,20,6
15,8,11
1,27,98
3,24,1
12,5,95
11,9,5
4,19,89
11,3,88
5,19,82
3,23,28
7,11,79
5,4,47
10,14,45
5,19,62
6,15,81
1,26,63
8,3,98
6,29,72
11,13,56
11,21,50
5,6,46
14,2,36
3,5,19
15,3,9
1,15,73
15,10,95
10,2,76
5,23,73
9,26,1
5,24,65
10,12,40
7,12,89
5,30,50
6,3,56
14,9,48
4,9,35
4,30,38
10,24,1
2,14,26
13,28,3
14,10,33
10,15,82
14,16,90
14,23,6
7,3,89
9,3,64
15,11,2
13,27,95
4,16,12
9,22,40
3,5,100
9,29,64
2,6,52
9,26,84
14,27,20
1,10,5
8,29,86
11,16,12
4,15,36
5,17,55
6,22,28
10,22,9
3,8,54
5,15,26
15,25,70
4,14,6
3,27,13
6,24,32
12,14,90
3,5,61
2,10,33
12,10,29
15,16,44
12,7,57
5,24,49
14,23,12
3,2,45
9,29,71
1,1,74
1,16,14
1,4,11
12,15,89
2,20,12
15,21,27
7,23,28
7,27,54
2,17,48
15,14,33
6,5,97
1,1,69
4,12,9
4,29,16
6,10,27
13,22,50
9,26,65
5,19,40
11,9,73
1,25,79
11,6,58
7,1,37
6,4,4
1,12,50
4,11,61
15,14,11
1,11,25
9,9,54
13,3,30
4,19,96
6,25,23
13,18,81
11,19,9
9,28,60
2,6,32
7,7,5
1,27,45
2,10,41
9,17,7
1,28,20
1,16,23
14,28,96
15,22,57
1,10,100
10,27,90
13,26,65
12,20,23
15,29,22
8,7,63
12,1,19
7,12,43
8,22,95
9,12,36
2,23,69
1,21,15
10,1,88
14,9,33
9,5,80
1,5,24
7,4,60
1,18,47
2,27,60
6,25,53
13,5,49
11,21,27
3,9,33
8,17,75
11,10,69
11,27,28
13,25,58
4,7,87
10,15,47
12,15,62
7,27,75
13,16,57
7,14,75
4,22,42
7,12,84
8,25,7
3,26,38
3,13,22
4,8,29
10,12,36
5,19,68
3,27,61
7,1,67
6,1,46
7,8,84
10,24,37
2,2,78
5,8,95
12,16,53
4,23,59
3,9,29
2,26,59
10,26,21
13,29,4
12,19,40
12,20,41
9,13,12
1,15,28
15,20,29
14,4,23
5,6,41
5,20,8
4,27,85
8,23,79
2,30,79
14,28,46
7,23,66
14,25,20
12,3,89
4,10,65
9,28,98
3,30,93
9,27,81
15,15,64
3,5,95
4,5,66
10,22,19
8,5,84
15,30,29
7,22,20
14,9,18
8,18,91
9,22,43
4,1,89
5,9,28
3,8,93
4,29,17
13,29,33
13,12,100
10,22,64
10,26,34
2,11,72
9,24,79
14,14,89
10,13,60
13,3,85
4,23,38
10,11,80
1,19,34
6,13,56
9,5,49
4,4,1
3,26,15
4,29,81
4,22,38
5,3,39
7,25,24
8,2,16
7,6,85
12,8,50
1,2,76
3,18,31
8,10,28
12,29,6
4,9,10
8,1,99
5,20,71
9,27,52
15,18,49
13,27,75
8,14,9
5,30,17
7,18,29
15,27,29
2,8,12
15,1,15
2,30,34
2,26,43
11,8,86
12,9,27
11,5,68
14,28,41
9,4,24
4,21,56
2,21,10
4,29,20
4,6,85
7,4,81
5,28,47
4,26,38
7,25,7
6,12,81
8,11,72
2,19,73
4,25,99
1,26,41
1,25,8
8,27,97
12,22,76
6,4,53
9,30,60
8,8,78
7,4,97
14,14,40
12,27,84
5,9,85
12,1,85
6,16,90
15,14,95
13,25,94
13,18,39
14,25,42
9,1,90
10,10,31
14,20,1
2,30,96
10,19,28
1,16,48
2,23,27
12,22,83
2,15,11
9,7,66
13,30,9
11,16,12
11,9,77
10,27,64
15,23,22
3,5,51
1,14,80
5,9,51
14,26,88
3,28,94
3,9,10
10,2,44
11,21,98
7,28,79
13,16,4
4,25,62
3,22,85
11,6,44
13,27,76
10,21,50
9,4,41
11,10,20
10,22,4
12,7,46
1,6,69
14,2,46
11,4,17
7,10,83
13,26,74
13,27,95
7,12,73
12,15,43
11,12,82
5,17,68
14,30,65
8,7,84
13,12,59
14,26,53
11,5,97
8,16,39
2,25,14
8,29,75
3,5,1
4,4,37
3,15,3
8,9,37
4,21,84
11,20,2
14,16,20
15,8,41
12,12,78
2,10,32
7,19,92
14,16,35
3,14,42
7,19,36
9,3,23
13,9,82
14,26,51
6,13,68
2,16,67
12,21,3
4,30,67
15,25,5
1,4,59
14,19,19
15,23,48
8,5,94
5,11,72
15,23,2
9,5,85
9,15,20
5,24,8
11,27,32
13,1,96
10,7,10
10,13,35
11,18,47
15,20,24
1,5,90
5,20,81
11,24,99
15,13,93
11,8,52
14,18,93
13,25,89
13,25,53
5,12,30
10,25,46
10,26,12
8,6,42
6,28,2
14,13,67
8,13,60
12,3,73
11,24,31
4,10,34
2,12,52
7,22,49
14,27,88
15,17,17
7,27,18
14,20,79
14,26,47
10,23,14
5,10,80
4,27,15
13,8,49
1,23,91
13,9,95
6,8,18
11,10,41
13,24,45
12,17,100
8,23,57
9,27,99
12,17,1
10,18,63
1,17,32
3,16,27
10,16,9
12,16,95
15,1,76
9,13,54
12,25,71
1,9,22
1,26,52
9,13,78
14,8,40
8,22,38
8,12,81
13,9,73
11,20,25
10,13,15
3,16,25
15,22,84
1,8,76
10,23,39
8,12,10
14,20,73
2,8,49
3,7,41
8,24,7
5,25,69
1,18,94
13,18,31
10,8,87
10,30,54
8,20,65
3,2,41
4,24,18
1,3,20
9,25,17
9,2,59
4,8,1
4,10,3
4,10,89
5,2,19
15,20,1
14,23,28
8,6,100
1,3,12
9,29,71
4,4,3
8,11,42
3,6,64
5,12,25
2,3,28
10,26,65
4,21,47
9,13,39
11,22,88
15,16,6
11,3,72
14,17,33
5,12,10
8,24,72
4,26,63
13,13,28
13,8,29
6,19,73
2,5,10
5,8,13
3,24,76
5,16,44
8,12,14
10,5,23
10,17,33
8,22,9
7,3,61
11,2,36
1,16,94
4,9,66
6,20,11
5,17,79
8,15,96
3,21,16
14,6,97
12,6,99
3,25,27
1,29,31
1,23,21
10,8,96
1,2,67
8,18,68
3,11,67
12,27,72
2,4,69
3,11,21
12,16,13
2,29,13
14,5,11
11,10,35
6,28,36
10,3,71
1,13,3
6,3,50
5,7,46
9,1,78
9,11,32
9,26,44
3,21,2
12,14,88
9,29,9
1,18,100
5,13,64
11,21,33
14,28,92
2,20,54
6,30,54
1,2,18
1,4,45
10,7,94
8,9,36
11,29,88
5,11,26
12,11,78
1,2,33
13,3,61
11,6,26
15,10,82
14,6,43
3,24,52
10,29,36
9,28,27
2,6,22
15,18,51
14,11,11
11,4,29
14,27,59
13,10,30
5,2,21
14,10,35
2,2,35
10,26,58
10,4,68
9,18,4
6,16,40
12,16,58
3,25,17
1,19,28
2,3,40
5,9,95
4,15,70
1,13,29
4,22,27
4,4,56
2,14,80
1,2,53
4,5,61
10,24,64
10,8,13
10,14,22
13,14,59
7,20,38
7,22,62
10,16,3
3,10,17
14,15,23
14,7,6
14,4,37
6,2,80
10,9,42
3,21,28
1,28,23
15,2,15
7,10,23
11,22,44
3,26,2
2,14,41
6,19,27
8,23,38
3,12,61
13,2,68
13,16,52
10,2,1
6,21,38
13,29,45
6,20,48
9,25,94
13,6,18
7,10,47
2,29,66
2,27,22
6,16,66
10,8,4
10,4,64
14,18,16
14,20,23
6,20,88
12,3,36
12,23,93
8,19,28
8,12,43
6,20,2
11,11,78
11,7,98
1,6,94
5,17,100
10,21,87
12,27,22
8,24,3
5,11,16
10,29,62
7,4,20
11,5,76
6,24,92
9,9,28
8,30,30
5,3,1
8,6,82
13,13,27
5,14,58
9,13,39
6,2,24
15,6,35
6,12,84
7,17,16
2,4,82
1,26,60
14,23,10
14,7,53
5,6,50
1,2,79
5,26,72
9,14,37
14,20,70
11,12,58
1,12,65
3,7,33
8,1,77
9,30,29
3,16,50
11,27,1
9,14,57
10,2,63
3,21,74
5,20,3
5,4,81
9,4,99
12,22,37
15,8,23
2,30,35
14,9,42
2,23,21
14,30,97
14,5,94
5,17,7
13,16,75
11,27,33
4,22,91
13,9,35
4,11,71
11,13,44
2,15,29
10,17,71
10,11,33
7,11,7
15,13,59
6,14,32
6,23,6
11,16,40
7,6,90
1,15,50
4,7,33
15,27,28
9,30,52
9,30,14
4,23,39
14,15,43
6,13,4
1,21,17
11,28,74
15,21,63
7,23,52
4,13,92
12,26,100
5,24,97
4,7,23
6,11,65
11,29,63
11,2,60
13,15,61
9,17,59
8,20,62
8,20,64
1,29,5
13,15,46
5,5,82
6,11,2
1,18,77
11,18,90
14,8,54
13,7,58
13,3,35
14,24,6
10,28,83
7,8,29
11,21,57
1,3,66
15,5,42
14,30,5
8,25,59
12,1,63
3,9,94
1,5,88
7,4,58
3,12,5
5,22,50
10,7,58
9,15,20
11,9,84
15,20,46
3,28,49
15,9,1
13,18,43
10,30,63
11,17,88
6,1,62
7,30,98
4,3,2
6,23,98
15,22,73
15,11,80
12,22,8
8,10,8
8,1,71
14,5,33
1,23,61
10,21,67
8,24,48
1,12,40
4,17,87
1,18,12
4,4,94
14,12,24
14,12,24
2,7,93
3,25,8
3,14,8
10,30,63
2,26,6
12,14,11
7,5,90
9,25,69
5,14,21
5,3,71
7,25,80
13,6,68
12,5,1
3,21,98
6,17,33
11,12,53
11,21,42
15,18,88
5,10,62
14,25,68
6,11,2
15,16,30
2,1,28
7,30,75
3,3,13
15,9,1
7,17,30
3,1,81
8,28,40
11,16,18
13,17,6
7,12,89
9,13,71
9,9,92
14,9,65
7,30,75
3,16,24
6,18,55
3,5,47
13,19,18
3,2,63
14,22,62
6,5,71
7,19,16
6,14,40
14,25,96
9,19,21
6,14,6
15,4,93
10,6,50
12,8,78
12,11,47
2,11,50
2,24,68
15,24,96
11,17,14
8,1,49
5,6,6
2,3,75
14,1,50
15,24,98
12,17,67
10,7,22
3,7,42
7,21,93
4,13,39
9,17,6
15,22,67
5,6,68
6,10,34
11,12,82
1,4,24
10,29,51
1,5,82
8,7,79
5,21,51
12,6,54
6,16,90
2,9,58
11,9,52
15,26,42
1,22,99
6,25,8
11,7,10
8,20,19
7,21,73
5,23,35
11,10,10
4,13,40
13,16,94
6,7,92
3,10,59
12,2,61
15,2,73
1,21,40
4,4,94
10,28,18
10,8,51
13,17,47
1,30,54
4,30,83
15,6,44
1,3,14
2,15,88
10,1,28
4,29,29
6,24,37
3,14,62
2,14,23
3,25,17
12,2,94
15,1,23
3,6,32
13,5,74
2,10,50
4,2,71
15,17,92
12,12,75
5,1,36
7,3,55
2,23,25
5,1,5
7,27,25
4,16,45
8,12,11
8,8,97
12,4,38
5,6,25
9,11,68
15,26,85
5,19,86
6,25,13
1,28,2
4,5,94
11,9,16
6,16,30
7,22,32
6,22,96
8,29,73
11,19,4
6,24,89
2,27,21
15,9,18
7,11,65
4,16,90
6,26,81
15,6,8
8,20,42
6,25,80
5,1,30
2,8,14
6,1,42
11,16,90
4,25,50
7,16,100
1,11,64
15,19,22
14,17,29
14,9,69
4,26,48
9,3,2
8,15,24
7,28,25
5,20,48
10,23,74
13,30,28
12,1,10
13,14,78
2,8,55
14,2,60
2,22,97
14,11,62
2,19,70
2,15,32
11,11,58
4,22,83
10,29,31
13,13,87
2,29,68
11,14,57
1,19,94
3,6,89
7,28,17
1,28,53
3,18,51
12,25,37
5,1,92
9,1,21
5,16,32
1,29,66
12,23,76
4,24,8
15,10,11
15,8,22
6,5,30
3,18,44
10,8,97
2,5,96
11,10,6
1,22,70
4,8,79
4,12,25
1,25,42
7,12,24
15,26,73
12,24,71
12,3,49
6,24,57
14,25,46
6,13,70
4,17,89
15,3,69
4,6,83
13,25,13
7,19,51
8,25,29
15,29,94
8,10,15
1,23,28
9,25,62
3,9,27
9,20,88
7,17,79
6,17,93
15,23,3
10,12,37
6,24,43
15,29,62
12,12,10
6,22,70
7,10,76
8,19,20
9,27,82
6,28,22
9,28,40
6,28,65
5,11,36
6,24,8
11,27,16
5,4,59
2,20,31
12,29,99
14,30,78
7,20,12
4,6,47
12,16,93
10,12,74
6,25,48
12,4,16
3,27,13
3,26,40
6,29,97
9,4,75
14,10,87
4,22,37
14,3,89
5,23,63
11,24,71
11,8,40
2,28,6
10,27,88
13,26,52
14,7,35
10,30,18
14,16,2
6,4,43
15,14,73
13,24,12
9,27,86
15,10,80
9,2,11
1,26,62
2,8,4
9,16,65
1,29,8
13,1,30
13,9,84
9,7,90
2,9,80
15,20,76
5,12,25
12,11,65
5,21,49
9,10,2
4,5,35
6,8,45
4,6,39
11,10,5
10,23,82
4,16,19
11,13,19
9,13,38
12,30,59
9,17,42
2,18,45
9,12,34
14,22,70
1,5,21
1,1,14
11,9,68
5,29,97
13,15,60
2,20,63
1,23,88
4,4,80
4,7,6
4,9,50
6,21,16
6,24,70
11,25,70
14,12,45
4,5,48
12,25,56
4,24,14
13,30,78
1,29,5
2,24,42
9,28,49
15,13,90
2,25,15
14,4,32
13,21,62
13,12,47
10,17,51
5,6,91
13,27,41
13,4,35
5,10,61
7,28,98
10,16,39
12,28,79
10,19,68
4,22,79
14,21,85
12,4,4
12,24,85
4,15,21
15,8,62
2,5,58
10,29,74
7,1,100
15,3,23
14,3,95
6,5,31
9,14,47
12,18,60
3,3,73
15,28,35
7,11,8
10,24,82
8,14,54
7,21,81
10,4,40
3,10,77
15,24,3
3,9,53
8,12,26
6,15,33
11,7,2
3,3,83
4,13,81
14,17,35
1,11,51
8,30,40
9,13,63
14,18,81
1,2,31
11,1,55
14,23,18
1,17,27
2,1,56
15,16,49
8,28,60
6,26,13
10,23,28
12,27,90
10,6,31
10,3,18
14,26,56
13,18,43
15,11,59
3,7,86
9,28,36
14,6,43
15,19,16
12,4,75
12,27,7
6,30,69
15,8,15
2,27,22
1,1,84
15,20,84
12,4,24
5,26,35
14,22,30
11,17,82
13,14,8
12,20,94
9,10,50
8,29,31
5,15,19
5,30,52
8,8,24
1,30,8
8,11,6
15,7,4
8,22,55
6,2,7
5,21,84
9,3,81
3,24,75
14,2,66
2,13,46
1,18,83
10,7,90
5,6,17
3,10,81
8,12,14
15,11,40
11,24,42
6,22,9
10,25,73
12,4,85
15,23,92
10,8,51
11,27,21
8,20,19
7,11,14
11,27,95
15,28,66
8,1,56
14,25,13
8,20,1
3,6,36
12,19,29
8,2,29
6,24,94
13,27,47
5,17,67
3,24,4
13,4,82
13,16,92
10,19,99
14,5,30
5,24,73
12,8,30
1,18,61
7,9,12
9,8,55
9,6,98
14,6,8
12,15,73
4,22,26
4,12,20
15,19,3
14,10,100
14,18,11
2,22,12
4,2,28
9,9,66
13,10,6
11,25,19
12,18,49
2,4,18
4,23,90
5,7,75
13,22,73
15,19,61
13,1,46
10,23,68
6,30,19
5,17,15
8,4,38
10,3,52
6,14,40
10,13,93
13,16,34
3,2,26
5,30,19
15,28,15
14,22,77
10,16,44
14,9,75
13,19,45
7,5,43
9,28,40
8,22,64
10,9,68
1,11,35
3,10,31
7,14,69
14,21,30
11,7,78
12,10,77
1,24,75
10,28,18
4,13,11
2,25,7
9,15,20
14,2,22
15,29,87
2,5,96
4,23,48
12,30,4
4,8,84
14,2,40
11,14,83
2,25,50
11,30,44
1,15,37
15,24,89
8,16,68
6,10,57
11,13,99
9,14,95
4,25,23
9,23,75
3,13,21
6,28,60
1,30,83
13,27,15
1,12,74
2,12,16
14,9,99
6,25,78
5,30,99
15,5,63
14,12,80
8,19,59
13,29,80
1,17,12
1,9,28
6,30,70
1,29,20
8,5,8
15,13,90
10,30,92
5,25,34
12,20,22
13,28,14
1,14,87
4,10,17
9,5,27
5,7,3
11,8,55
3,21,22
15,8,74
8,15,99
7,15,76
14,28,60
7,15,41
15,12,71
11,2,63
3,1,94
9,25,52
1,3,35
11,23,22
8,2,60
5,1,63
12,12,75
15,29,76
5,7,45
3,1,24
2,14,45
10,5,6
13,21,5
7,18,26
10,1,81
2,2,5
1,27,65
5,19,11
11,9,81
15,30,35
8,17,89
1,3,39
8,25,92
6,12,87
1,30,58
8,29,70
4,15,17
13,3,88
4,13,47
7,5,78
7,6,31
11,18,50
15,14,38
1,26,56
9,5,45
15,4,48
8,5,54
2,19,91
1,7,18
13,12,46
7,25,12
15,22,64
14,18,69
12,15,66
14,18,65
13,20,15
12,1,68
3,29,81
13,29,92
5,6,30
8,23,90
7,2,39
7,28,7
8,23,55
4,29,69
11,19,1
14,7,68
13,10,69
7,23,2
10,15,10
14,10,18
7,23,3
9,9,74
8,16,4
10,20,97
5,23,24
15,10,36
3,21,5
7,20,95
5,7,64
8,27,70
10,22,14
3,8,54
9,23,84
6,24,42
8,25,33
5,21,2
14,14,36
13,15,8
13,24,44
2,29,30
11,29,88
10,19,43
1,20,37
15,4,70
4,5,40
8,20,28
14,10,17
12,2,42
5,11,96
3,19,4
10,21,7
5,6,33
12,19,65
10,11,51
13,1,97
4,29,87
4,4,97
12,16,75
3,11,36
15,1,80
14,18,94
2,16,20
15,22,7
9,11,95
2,23,19
6,12,82
2,23,30
11,28,75
4,16,86
8,12,44
11,23,60
3,3,16
5,25,63
2,25,83
13,19,70
8,22,27
9,6,21
13,10,2
12,13,45
15,25,74
10,7,79
5,19,63
1,24,21
12,17,54
6,18,84
6,30,66
15,6,15
14,14,44
5,12,47
1,10,73
8,18,5
14,5,13
9,2,12
1,20,21
9,3,98
1,24,100
10,1,18
14,1,9
11,19,48
12,8,27
12,9,24
13,17,36
12,17,68
4,20,87
6,19,39
1,12,99
1,23,1
13,20,31
11,30,54
6,13,52
1,30,24
6,8,28
8,2,92
14,13,33
10,23,49
8,18,97
6,22,76
1,13,80
10,13,3
14,17,96
14,28,97
14,19,75
1,28,17
9,25,58
6,23,53
15,25,87
15,7,34
3,19,78
10,10,80
14,27,8
11,10,17
6,12,8
8,16,20
6,8,30
3,5,3
12,10,39
8,21,1
14,3,20
2,26,20
6,27,30
13,29,30
8,27,66
14,28,13
1,24,47
1,23,83
15,5,71
11,22,37
7,2,17
4,18,44
8,19,71
14,1,59
7,16,39
1,6,24
15,19,82
6,26,17
12,2,65
4,25,43
13,8,19
13,6,13
2,28,5
7,2,44
12,5,8
2,11,79
9,25,15
1,5,99
11,12,91
14,13,46
6,12,97
9,17,17
11,14,81
2,30,12
4,5,100
12,1,20
9,5,13
3,21,10
3,19,38
13,17,37
14,1,73
6,1,20
7,17,21
9,29,20
7,17,6
3,22,15
8,22,87
10,20,35
1,20,62
4,9,47
13,17,87
11,25,96
1,4,56
3,10,76
15,21,29
13,27,67
4,16,38
10,28,50
6,14,39
12,6,6
8,20,74
1,27,35
8,11,35
7,24,5
12,9,32
10,12,84
12,19,90
1,11,13
15,10,78
3,24,78
3,5,54
15,7,40
6,2,43
3,17,44
1,19,28
13,27,47
15,22,17
12,23,99
12,7,39
4,10,59
6,1,82
15,17,48
5,21,5
11,3,82
7,11,74
10,26,72
5,5,93
6,9,8
4,14,93
7,18,55
3,2,33
14,19,66
11,28,61
15,1,44
15,10,75
4,9,49
6,24,54
11,4,6
4,13,33
6,14,61
4,24,88
6,2,93
8,6,70
11,29,42
3,25,39
5,21,91
12,20,25
5,5,42
5,21,12
1,12,15
8,2,86
14,8,21
3,2,70
5,29,56
15,11,66
7,5,76
1,26,19
8,30,47
15,25,89
15,28,79
12,27,79
2,4,10
13,1,18
9,9,89
15,2,79
12,20,30
12,3,38
6,30,65
8,13,40
3,8,82
1,10,89
12,7,9
7,14,95
4,17,72
14,21,100
5,10,3
6,2,98
10,3,93
7,5,15
13,4,77
14,22,11
7,6,49
12,14,7
12,20,67
14,9,51
12,20,88
11,26,15
12,18,46
3,13,17
3,26,42
15,11,28
1,6,39
7,20,69
9,13,28
6,14,31
11,5,94
2,16,47
4,29,38
8,11,2
11,6,18
5,16,34
2,22,89
12,19,30
2,1,60
2,2,49
15,11,46
13,3,86
8,15,76
10,12,42
13,8,20
11,9,48
9,20,75
15,21,54
3,24,90
12,21,53
14,6,7
2,30,17
1,12,80
11,8,95
3,1,24
14,26,73
15,25,74
3,24,25
11,1,56
15,20,56
8,18,26
8,8,94
8,26,47
10,25,88
9,16,7
2,11,67
14,9,6
1,24,92
4,14,77
3,17,76
7,13,14
2,5,100
14,19,73
4,18,9
1,4,98
8,1,14
5,29,58
15,27,85
11,19,11
14,12,78
3,4,41
3,30,19
8,27,7
9,26,50
11,3,66
12,11,59
11,15,100
13,15,27
14,16,80
9,8,3
9,21,71
5,22,80
14,22,2
8,23,30
9,25,97
1,16,99
7,14,42
13,17,76
8,19,85
6,19,62
7,4,39
1,2,60
9,8,42
13,18,86
12,30,61
11,23,62
13,20,91
5,25,19
9,16,28
6,11,62
5,18,69
15,4,5
11,19,81
1,27,59
12,2,57
10,4,14
9,6,36
12,2,89
9,20,82
12,12,51
12,15,21
15,29,82
8,3,19
10,7,75
11,6,97
6,5,73
9,5,66
10,18,95
12,14,98
2,26,24
12,11,57
7,16,92
12,4,74
5,3,47
1,9,48
4,5,69
12,13,63
7,30,71
8,24,22
6,17,41
8,14,24
14,4,73
6,15,82
6,23,14
15,12,8
13,2,59
11,8,81
4,4,35
9,28,82
8,17,51
1,11,62
4,2,67
6,19,61
12,11,88
3,6,83
6,14,84
6,26,7
10,7,81
8,2,13
13,24,26
11,3,36
6,20,93
5,25,54
11,28,46
4,26,44
3,27,97
10,5,60
10,28,38
6,25,53
10,21,83
12,1,41
15,8,84
15,26,68
6,9,57
15,9,93
8,16,69
11,30,84
15,22,20
8,22,40
11,5,71
10,28,27
14,18,85
6,5,81
2,2,34
9,16,74
7,10,74
6,9,100
4,11,4
3,30,91
7,7,39
13,21,46
14,1,30
14,13,92
6,2,45
13,10,78
12,18,100
5,12,28
11,10,4
4,20,75
3,10,68
7,13,100
14,28,51
2,3,54
3,10,76
9,5,41
9,22,17
5,28,54
9,15,41
1,24,41
7,15,59
6,2,81
5,28,5
8,25,26
5,25,92
10,5,26
14,15,42
5,7,79
13,17,32
9,21,67
9,4,69
6,10,71
6,27,12
6,24,75
5,13,12
13,12,44
12,10,93
1,27,41
13,7,67
8,7,74
11,15,48
15,27,28
4,9,17
7,19,71
12,21,99
5,17,36
15,12,78
4,6,3
14,19,47
9,29,46
11,26,18
8,8,44
15,14,14
7,6,84
15,21,26
13,4,38
7,22,46
4,3,52
3,6,38
3,7,31
4,29,61
9,9,28
3,22,76
11,26,49
3,3,49
12,5,9
8,13,55
12,21,32
15,12,18
5,11,17
6,17,16
1,16,59
3,1,53
5,17,72
5,8,35
7,16,12
1,3,41
14,21,12
1,30,46
14,27,41
9,11,9
12,11,30
6,21,17
7,16,32
8,13,33
14,24,14
5,28,12
12,9,26
14,2,16
4,4,70
15,6,66
5,8,71
15,2,46
6,29,91
1,13,1
14,6,77
15,23,78
7,15,87
6,7,9
10,6,89
2,22,2
14,27,5
3,14,65
5,5,54
10,21,42
1,17,53
4,12,76
6,28,17
12,21,84
5,24,28
9,2,71
8,12,39
11,10,51
3,10,28
11,8,75
12,2,97
4,4,45
11,17,8
13,22,36
7,1,9
14,1,12
2,18,21
10,2,56
7,17,10
15,15,44
2,28,62
8,5,11
8,23,43
12,7,43
14,23,1
14,3,100
2,29,58
13,20,49
7,2,38
11,24,74
5,9,22
10,20,14
1,17,1
4,26,89
10,15,67
3,8,76
13,9,35
6,13,42
7,4,1
11,4,24
4,17,32
14,25,25
3,14,75
4,5,32
11,24,65
7,17,30
6,9,90
14,23,1
4,28,71
9,25,38
14,9,18
3,7,29
2,22,36
6,17,15
13,18,35
10,21,85
15,22,2
10,19,22
14,28,92
4,24,96
12,2,95
10,28,44
15,20,57
5,6,100
11,19,13
2,17,63
11,26,69
5,13,62
10,8,90
7,22,28
6,2,1
3,28,72
8,13,84
4,9,45
12,12,77
10,19,28
4,11,100
1,15,97
14,12,100
6,27,47
9,14,95
11,4,36
9,23,59
13,23,92
14,14,62
4,24,88
8,30,29
14,14,5
2,24,49
15,20,8
3,7,84
15,2,10
3,9,83
7,8,88
4,6,54
10,3,22
13,15,29
11,25,9
5,3,63
5,21,78
13,5,11
5,9,49
13,7,27
14,7,62
2,19,67
10,7,21
5,24,42
3,12,67
2,25,29
15,15,27
9,10,70
11,9,98
1,8,81
14,15,12
14,10,73
1,14,64
10,21,43
9,29,3
4,23,77
7,22,14
1,21,26
9,13,67
15,22,87
12,13,94
2,18,74
3,28,29
6,19,93
14,18,92
5,7,27
9,25,90
7,9,60
10,26,18
14,9,16
14,5,22
9,24,12
12,26,71
1,4,7
1,15,37
11,9,70
6,25,28
6,10,73
14,20,78
11,24,70
10,18,90
8,3,67
7,19,89
13,16,5
1,30,19
11,29,62
4,13,21
1,6,58
11,8,29
15,20,83
2,15,33
6,15,63
3,26,9
13,17,98
15,24,28
7,7,80
15,15,92
10,20,2
10,8,59
14,29,3
1,25,27
12,8,80
7,2,56
10,13,15
8,1,50
6,7,59
13,9,62
13,12,21
15,21,24
10,4,2
7,27,17
14,7,17
3,16,87
11,17,96
15,21,97
3,22,70
7,28,32
13,16,24
4,26,5
9,9,80
15,15,42
11,21,44
11,11,36
1,21,32
4,13,68
3,13,96
1,7,92
15,25,10
10,23,83
11,23,77
15,9,28
3,30,5
14,11,67
14,26,93
15,26,19
3,14,5
9,26,13
7,22,81
7,30,77
9,21,3
4,11,21
12,7,8
6,19,89
13,24,23
2,13,63
3,22,58
1,9,58
5,28,70
1,28,43
12,16,22
4,10,53
12,28,19
15,21,91
12,12,56
11,27,46
5,6,71
1,1,47
5,1,87
9,15,21
15,2,19
3,27,9
15,4,14
15,3,20
12,28,96
14,2,64
10,11,94
4,23,47
8,16,74
2,23,85
6,2,45
12,8,82
14,1,60
6,27,22
2,8,46
12,25,56
8,7,97
13,22,37
1,12,87
4,21,47
7,5,51
4,13,55
1,24,71
8,21,6
11,16,8
9,15,87
8,1,66
5,16,85
11,16,4
1,8,48
8,10,90
5,26,91
13,25,20
15,19,86
9,14,20
9,1,18
13,19,32
8,11,30
10,20,32
9,29,93
9,15,33
9,3,23
6,22,22
14,2,8
7,15,44
7,22,94
5,2,1
2,5,45
14,14,59
6,14,75
14,27,40
8,11,31
7,29,42
12,2,60
8,27,43
12,6,60
6,11,21
6,26,4
12,16,84
8,12,93
15,24,26
1,9,95
7,6,26
8,28,50
3,7,37
4,7,18
14,7,25
6,15,42
14,15,61
13,5,51
6,8,92
1,17,76
13,14,21
8,11,30
1,30,29
6,17,37
12,15,27
12,7,33
7,1,43
2,28,74
11,13,4
7,25,85
8,24,88
12,14,26
12,29,65
3,8,75
12,24,34
9,7,72
8,10,63
4,21,62
7,15,97
8,23,67
12,5,7
12,6,76
4,9,46
3,30,10
5,5,38
6,21,72
5,10,89
15,10,79
4,1,37
12,24,100
9,11,57
3,5,80
7,30,36
9,14,46
2,9,58
8,23,1
14,2,38
1,27,4
6,16,73
14,11,97
14,23,76
2,9,58
8,15,98
6,28,52
3,6,51
12,18,20
1,10,6
13,22,94
6,8,63
15,2,7
11,27,15
10,17,26
13,21,28
8,1,15
11,17,81
12,15,20
10,18,86
2,3,71
4,5,62
15,28,51
13,10,29
3,7,93
4,20,46
4,7,8
11,19,54
11,29,22
9,27,59
11,20,4
14,18,3
10,14,39
11,3,99
6,30,71
6,28,34
14,24,7
7,19,26
14,9,2
6,1,67
6,19,24
8,3,46
15,13,68
13,3,79
15,3,37
4,26,97
14,29,73
10,21,79
1,15,31
13,2,13
4,22,6
13,19,28
4,18,50
4,26,49
4,25,74
6,2,31
8,28,95
1,29,24
12,7,69
9,16,52
15,9,49
7,6,96
1,4,47
6,29,52
14,12,15
4,21,3
9,9,34
15,2,73
1,29,23
5,29,47
1,8,45
3,22,94
9,2,81
7,1,7
7,3,42
7,15,30
11,12,74
9,4,27
11,10,4
4,2,51
9,18,15
3,15,64
15,16,67
8,17,78
9,26,39
9,24,32
1,1,35
7,5,26
10,17,86
1,30,67
10,28,12
7,2,23
1,9,88
4,8,100
7,18,34
14,30,12
6,5,100
5,8,61
15,25,26
7,12,50
11,30,48
8,4,26
3,16,41
13,16,64
15,22,14
6,1,88
5,2,41
15,28,91
14,12,2
12,21,68
9,8,62
12,29,63
10,8,98
8,18,99
14,6,13
12,13,7
14,29,75
7,16,86
15,1,81
5,28,70
1,7,10
14,16,26
12,21,40
9,4,67
9,7,99
14,20,30
8,10,5
15,2,79
5,30,51
11,20,5
4,14,44
10,4,41
11,30,93
14,4,39
10,18,88
11,11,57
3,19,23
2,10,59
5,30,12
5,5,29
9,12,75
1,5,52
5,22,82
3,5,89
4,13,99
8,5,31
11,21,16
4,6,95
1,29,26
8,23,18
2,29,67
13,26,1
6,20,54
2,7,22
14,9,95
1,9,76
6,19,35
14,23,46
8,9,97
5,2,16
11,13,55
13,22,1
12,17,12
12,30,66
9,28,96
6,23,62
15,3,39
2,5,96
10,8,71
2,4,41
15,26,80
15,4,99
15,28,9
11,16,62
13,28,21
4,12,8
3,27,20
14,2,63
4,6,83
3,3,97
2,5,40
14,25,91
14,2,69
11,6,20
10,2,40
13,6,7
12,6,62
13,2,69
3,5,25
11,25,3
11,18,9
3,12,62
13,8,71
15,3,91
11,15,33
12,7,81
15,5,23
2,21,14
14,15,48
11,29,60
15,22,14
12,12,4
3,8,99
4,26,12
4,25,98
3,18,17
7,2,24
4,11,21
7,18,46
10,25,33
13,11,39
1,19,36
3,1,52
1,7,59
7,30,35
15,6,27
8,8,77
1,22,82
6,26,69
1,6,31
14,16,66
3,4,40
2,5,81
9,30,65
11,23,89
2,21,71
9,17,41
14,22,80
14,28,31
2,11,30
5,8,35
12,12,64
8,14,75
5,13,39
11,16,63
11,21,42
12,2,51
9,28,6
9,5,59
13,4,98
2,4,65
1,9,61
4,19,56
5,16,85
13,17,7
12,11,48
7,18,51
4,1,45
3,19,77
6,28,39
13,16,51
2,22,20
1,22,22
1,3,15
3,16,100
5,18,48
4,6,20
8,25,46
3,1,67
3,19,59
14,3,18
11,6,22
13,23,60
4,27,27
7,4,82
6,1,11
10,14,44
5,20,25
4,24,5
12,10,58
11,18,85
15,10,7
2,30,42
15,17,40
4,9,65
10,26,99
1,11,26
2,18,38
8,12,19
3,17,48
8,27,26
6,10,74
9,17,98
3,12,86
8,7,7
3,28,57
10,11,18
11,7,57
8,7,38
1,18,20
5,27,20
5,15,42
15,30,57
7,26,80
14,26,90
11,17,41
12,7,36
11,1,52
4,19,15
5,28,77
15,3,89
13,3,26
8,19,96
2,16,44
8,5,1
9,6,82
11,2,23
15,14,64
13,27,75
9,24,71
10,29,10
8,14,27
14,7,53
12,5,89
4,6,66
6,26,66
13,21,22
2,1,14
7,9,37
3,23,74
1,5,91
11,6,78
14,4,31
15,19,60
7,24,39
10,28,12
14,24,77
3,20,96
11,4,17
15,21,54
15,28,55
6,21,5
8,29,41
11,1,27
5,22,4
15,6,88
15,1,43
10,13,53
10,12,32
13,14,74
7,4,80
11,11,32
13,22,23
3,7,31
7,27,10
3,6,5
3,18,25
1,14,55
15,21,48
4,7,38
8,26,92
2,12,12
2,22,67
12,16,16
4,1,46
3,2,21
14,10,68
12,10,34
7,8,36
11,18,26
1,24,77
11,16,85
6,9,73
14,3,47
12,13,26
12,9,38
1,27,48
15,29,79
1,21,24
10,24,10
4,7,37
14,22,89
1,1,92
2,18,49
13,2,70
8,28,9
7,20,81
11,26,92
5,19,2
15,6,71
15,24,74
8,6,69
15,11,56
10,20,43
1,6,35
11,1,79
15,14,97
10,21,94
10,29,61
7,24,5
2,23,62
5,18,33
4,6,42
2,5,39
1,12,11
4,3,23
12,7,1
13,19,26
12,12,16
5,12,71
7,3,70
9,2,68
13,16,23
2,28,67
5,11,57
7,17,6
4,11,79
2,20,87
15,17,37
4,30,8
9,28,36
9,23,64
11,25,87
15,17,29
8,3,90
1,19,45
15,17,12
12,8,51
8,10,32
4,22,58
14,6,71
10,26,57
13,17,50
2,13,74
5,4,57
15,10,31
6,15,74
7,22,1
8,11,30
7,8,84
14,29,42
2,10,80
8,30,79
13,28,46
2,23,70
3,15,14
12,5,83
9,15,21
5,30,75
4,19,15
8,14,41
4,5,6
8,14,43
9,14,83
11,19,15
10,30,23
7,16,42
3,19,98
11,11,20
2,28,32
11,25,14
1,26,37
13,27,30
12,10,96
1,12,66
1,11,77
12,21,47
5,24,83
1,2,65
12,12,67
9,3,16
5,5,56
4,16,21
8,27,57
4,9,77
15,5,69
14,6,12
9,3,64
1,30,45
5,27,69
2,1,14
6,20,12
15,11,100
4,8,81
4,6,15
12,28,99
1,4,69
6,16,36
15,28,5
15,8,45
3,3,35
4,12,49
10,5,80
9,29,33
7,15,17
8,13,85
10,28,95
13,13,97
6,6,88
15,14,15
15,22,12
12,7,47
11,30,85
10,27,86
11,11,39
5,28,71
13,4,91
1,26,50
14,5,40
13,1,27
10,13,91
7,15,38
12,24,98
9,19,85
7,18,7
10,29,98
15,27,69
10,9,11
10,25,82
8,27,20
12,20,63
4,20,24
2,11,93
4,29,68
7,19,33
4,22,55
1,2,2
9,28,76
11,15,51
1,15,47
15,15,67
7,29,63
15,9,87
1,8,24
14,11,78
1,15,82
13,28,19
12,8,71
4,1,36
10,22,5
8,7,22
8,6,63
15,27,28
7,12,22
11,4,93
10,4,5
4,19,24
14,7,32
14,20,25
4,19,90
7,24,43
6,4,96
2,2,3
5,12,42
13,21,64
11,23,66
9,12,93
5,25,92
10,16,21
1,26,17
7,4,87
6,24,27
11,19,79
1,13,58
14,14,11
8,14,58
13,18,96
12,14,100
8,13,68
1,14,84
2,15,37
14,25,83
7,29,74
13,16,24
1,2,35
3,16,83
11,9,23
10,7,82
11,10,27
4,30,29
2,22,56
12,17,26
2,17,19
7,25,64
7,18,77
15,17,29
14,30,32
14,30,35
1,29,25
13,17,32
4,18,63
13,24,44
10,27,35
4,29,100
14,27,9
11,18,44
6,10,76
1,24,93
1,20,63
2,21,37
4,10,5
11,29,49
4,9,9
3,15,68
5,5,87
4,22,41
4,3,85
2,2,8
5,24,64
15,10,35
4,17,34
13,29,74
10,24,71
8,28,81
1,25,90
5,14,22
6,25,47
12,22,79
10,23,54
10,18,1
13,7,85
5,21,92
15,7,9
8,25,61
7,21,89
7,17,76
14,10,74
6,5,73
3,25,3
3,27,88
9,12,38
3,11,13
5,21,43
3,19,31
11,8,79
11,24,30
9,30,38
2,14,54
7,23,96
5,20,7
4,9,30
11,27,40
12,13,65
14,27,84
15,3,38
8,23,7
9,13,48
7,1,94
12,20,82
7,8,84
7,1,39
5,15,47
5,25,63
13,27,52
8,11,14
9,10,58
6,13,36
8,6,45
10,7,63
11,19,1
8,19,39
7,26,58
8,6,67
2,23,25
11,21,50
11,4,54
13,3,77
10,16,47
6,13,99
6,30,71
2,16,80
1,16,92
14,19,50
1,11,40
4,5,55
10,29,36
5,29,68
12,26,57
9,7,4
8,17,17
6,17,52
13,11,99
1,28,45
12,4,49
10,8,71
4,23,68
15,16,46
5,28,7
3,18,83
7,26,64
7,14,39
1,12,79
1,8,87
2,27,81
7,30,79
13,15,33
15,18,93
13,24,42
8,13,39
6,4,68
14,16,52
1,13,23
4,11,95
4,18,49
15,11,47
11,2,84
15,25,13
10,14,68
8,25,83
1,19,50
6,4,89
7,24,63
10,13,73
10,16,61
4,6,52
4,1,20
9,13,77
9,14,15
5,10,50
9,2,98
4,12,43
15,26,73
6,4,50
4,3,86
12,10,59
15,9,4
14,8,70
12,17,52
6,17,50
1,20,90
14,11,88
12,2,16
13,20,50
7,12,69
6,8,92
9,6,93
9,9,10
2,26,50
11,1,12
10,9,25
8,30,22
3,4,50
11,22,34
12,8,60
2,9,84
11,17,46
5,4,7
7,7,78
13,19,24
7,1,50
14,21,89
12,9,12
15,21,19
5,16,92
9,12,71
15,22,15
5,12,52
5,11,13
15,7,96
2,4,3
12,3,58
5,5,50
10,28,10
7,26,42
14,19,56
13,25,4
8,1,85
9,4,87
4,18,74
4,20,80
13,2,4
13,17,25
15,19,55
15,12,91
7,25,99
3,17,70
14,30,67
15,24,79
9,26,38
12,23,96
14,17,62
4,17,48
5,22,98
7,14,2
5,27,1
10,12,71
11,10,51
3,1,34
3,18,94
6,27,58
12,27,35
10,3,79
1,9,32
10,26,68
14,21,21
14,14,64
9,29,36
7,9,18
2,14,31
11,16,93
8,7,74
12,8,59
9,28,50
4,27,25
11,24,60
12,14,48
3,16,70
5,21,86
3,22,71
4,3,34
8,19,85
1,5,85
8,13,21
7,23,39
6,17,53
10,11,68
1,7,27
4,9,35
12,11,23
3,19,98
6,1,82
14,16,32
2,22,77
4,18,75
7,27,3
5,30,82
12,24,44
2,21,4
5,4,79
8,4,9
3,17,46
10,23,12
12,26,81
13,21,21
2,11,1
3,29,44
4,19,75
6,1,75
13,23,33
13,11,51
9,18,9
10,16,26
3,14,69
1,12,40
7,6,51
9,24,56
9,26,93
15,14,5
11,17,16
2,8,71
7,13,20
11,16,46
10,30,82
1,21,19
10,9,41
1,24,51
5,8,88
8,15,59
1,20,52
15,29,84
7,22,82
6,6,11
11,11,82
12,29,62
3,5,70
14,23,10
8,30,44
8,28,68
7,24,62
5,20,47
7,28,48
5,16,60
4,14,6
15,4,68
6,10,27
13,29,31
11,20,32
1,18,15
12,5,18
11,23,58
14,12,41
1,22,37
6,18,88
4,24,45
12,15,80
7,14,7
1,17,30
3,18,10
4,22,77
1,7,19
4,2,84
3,26,64
7,23,98
1,21,68
11,11,16
14,15,62
4,30,4
11,18,55
9,29,58
11,19,26
1,14,96
8,13,52
10,15,87
1,28,49
3,1,20
2,1,59
8,18,13
12,27,64
10,25,29
10,25,59
1,29,79
4,30,96
14,29,3
12,6,29
11,13,74
4,4,97
8,16,84
6,22,20
2,3,70
10,8,29
3,17,2
6,8,83
3,27,74
8,28,23
7,3,28
13,21,64
6,27,28
1,18,76
13,3,96
14,10,14
2,23,36
6,15,88
15,3,47
14,9,37
11,23,69
15,18,27
14,29,60
13,29,77
5,9,61
14,1,39
6,3,51
3,15,50
11,6,84
11,27,32
12,15,68
12,22,30
10,30,93
1,16,38
13,6,51
10,19,16
15,25,11
12,15,39
15,14,24
14,8,77
14,20,39
3,24,73
15,5,6
1,23,42
2,18,55
9,25,73
5,23,69
2,27,8
8,13,18
12,22,98
2,29,36
3,18,68
13,19,48
15,28,39
11,28,31
6,29,84
11,18,28
6,15,39
9,15,63
9,23,67
8,24,74
11,22,3
13,4,16
6,30,71
11,21,5
6,11,87
4,18,65
6,22,9
12,24,89
13,6,80
8,28,21
9,22,59
1,22,75
14,15,20
2,18,4
5,17,28
7,24,49
13,22,91
8,22,33
4,16,16
12,10,6
13,25,22
11,6,62
9,27,77
2,15,86
4,5,77
8,21,68
4,22,65
10,24,47
6,20,35
8,9,28
14,29,96
3,29,34
5,22,90
1,2,84
5,9,87
11,1,34
9,13,82
9,13,89
12,15,29
3,3,61
10,1,81
14,7,25
7,26,48
2,12,75
11,2,74
14,16,40
6,16,78
12,2,8
6,30,50
5,26,8
12,25,63
14,27,77
9,7,22
8,26,79
2,11,2
13,2,39
8,3,98
4,23,12
13,20,25
8,8,64
12,21,15
9,9,75
15,8,55
13,12,97
7,12,96
13,9,12
8,29,68
6,27,38
5,16,73
1,16,78
7,25,2
8,16,39
10,6,38
6,23,49
8,11,44
12,13,18
10,10,39
10,13,53
11,29,21
4,19,75
9,22,86
7,30,1
2,10,29
5,11,30
9,2,23
1,8,39
8,9,24
6,19,57
1,9,20
11,10,56
13,21,33
10,21,44
11,24,77
12,18,53
2,13,98
11,9,27
13,28,34
1,8,48
2,21,52
10,15,20
11,4,96
3,24,78
10,24,97
8,7,40
3,14,2
12,2,14
7,13,77
3,1,58
3,2,48
8,20,74
2,16,86
5,4,43
10,7,1
10,26,92
14,10,78
6,6,23
10,17,69
6,7,3
7,29,52
13,3,79
1,4,18
2,18,6
10,13,37
8,11,14
15,6,76
4,30,18
14,20,80
2,17,43
5,7,13
1,29,86
5,14,69
10,28,45
6,11,66
6,18,89
6,17,39
5,13,33
9,26,10
4,7,30
9,23,7
5,8,68
1,6,42
8,16,87
12,19,91
1,24,44
11,12,86
3,26,39
12,13,8
13,27,35
8,12,99
13,1,15
15,13,7
3,19,87
11,18,15
5,1,81
2,25,61
2,8,93
10,14,100
6,1,39
2,14,11
14,25,93
12,17,2
5,12,12
13,11,69
10,11,53
15,8,69
11,28,16
15,28,33
5,10,65
9,24,62
9,30,6
15,6,14
10,25,90
14,12,55
11,9,45
4,29,6
5,16,92
5,30,14
5,9,61
14,9,41
10,4,67
14,8,69
15,22,76
2,3,72
10,25,12
8,16,73
10,27,58
14,25,66
8,4,67
13,3,28
8,2,92
1,26,91
7,27,29
11,23,14
5,17,85
4,3,39
3,17,39
12,5,71
7,16,98
1,25,72
10,3,91
9,30,56
12,12,91
11,30,57
4,9,57
10,17,25
8,26,80
2,24,93
9,10,20
7,29,11
3,11,11
6,5,62
2,4,72
10,30,29
5,3,100
7,8,64
8,11,1
4,20,44
15,6,28
8,18,99
6,27,16
6,29,16
12,12,34
4,11,39
14,18,24
6,15,63
7,18,30
2,2,45
1,16,30
7,11,88
15,27,44
3,7,98
11,10,40
1,22,82
15,17,21
1,23,46
9,30,5
8,6,87
9,22,29
4,16,26
15,14,30
10,14,12
13,17,7
13,23,26
4,20,32
14,10,32
11,29,23
7,9,52
15,6,69
5,8,87
7,28,95
2,21,15
12,20,98
14,9,98
2,27,57
12,9,39
7,29,93
12,29,48
10,14,98
3,6,72
1,4,48
8,21,19
7,17,54
5,25,3
1,1,24
12,17,84
12,24,19
3,4,37
9,7,4
7,16,3
10,17,23
9,17,11
10,10,49
9,29,88
12,24,71
5,8,97
10,16,51
1,23,49
15,7,73
11,26,41
4,28,16
15,24,81
4,28,52
6,2,31
2,11,77
6,17,44
9,28,33
6,26,73
12,22,50
7,14,90
13,29,84
8,6,64
13,14,98
7,2,35
2,18,23
1,2,54
1,11,59
8,29,35
8,8,52
1,25,13
2,25,59
6,9,3
2,19,41
1,3,17
13,27,96
15,16,14
8,1,9
6,3,73
5,10,68
1,12,53
15,28,20
3,25,12
12,27,29
8,23,79
11,26,9
5,11,59
7,7,100
1,12,66
4,10,37
13,19,99
13,13,27
13,5,44
8,25,99
10,19,18
7,2,10
4,30,87
9,2,77
8,13,30
6,2,90
5,17,33
12,22,44
1,22,34
2,5,24
11,18,75
9,9,61
9,30,23
11,17,11
3,17,69
8,14,75
9,19,96
14,25,28
5,3,87
5,12,1
6,5,51
8,25,56
14,5,75
11,9,80
5,16,20
14,30,35
8,14,16
8,21,18
4,29,10
15,23,8
5,22,4
15,19,20
12,12,17
15,27,23
6,5,1
13,14,43
12,23,52
2,14,17
12,10,33
12,19,41
6,24,13
6,5,36
2,23,75
14,6,34
2,20,56
7,1,73
13,5,62
9,25,75
13,13,89
3,1,32
2,16,76
7,28,66
15,7,82
6,23,94
8,9,95
2,20,32
7,29,80
15,30,98
11,13,86
6,5,84
7,29,37
14,27,88
2,12,70
12,4,79
8,11,53
10,11,7
3,16,5
10,7,69
13,22,8
11,22,89
12,20,64
13,7,53
5,10,98
13,10,68
14,3,80
5,24,52
5,5,39
6,9,21
5,27,68
14,4,72
1,13,44
4,14,60
11,1,44
13,15,50
11,10,83
7,24,74
4,17,74
11,23,82
5,23,50
5,9,23
6,4,42
2,16,31
15,14,15
1,22,64
9,25,63
8,2,96
7,6,22
14,27,15
12,6,13
3,3,8
11,2,88
6,20,16
9,28,90
3,27,100
1,29,24
10,19,96
1,26,75
4,25,68
11,1,49
7,28,66
3,19,78
2,25,44
2,3,57
6,21,5
6,30,39
9,22,53
15,6,46
4,6,90
14,8,86
14,28,60
9,18,37
15,9,31
5,15,83
2,17,27
9,3,62
6,30,75
15,28,93
5,6,87
2,22,80
9,8,61
1,21,37
15,5,59
14,27,11
15,30,75
9,21,71
5,17,95
10,19,78
5,25,28
14,19,97
13,30,22
3,6,82
2,14,95
11,14,72
1,14,98
8,3,99
11,4,72
11,2,28
12,16,58
9,12,97
2,8,45
13,28,94
3,25,70
5,17,58
8,11,67
12,26,93
10,26,16
4,25,23
4,30,56
8,17,94
3,27,45
3,9,19
13,15,60
12,29,19
9,14,34
12,30,93
9,25,55
4,9,94
3,20,50
7,11,11
4,28,95
3,23,73
1,26,63
14,25,24
9,18,42
2,27,67
10,25,87
2,16,55
12,17,48
3,6,3
14,23,33
10,3,73
7,13,82
6,26,33
8,30,76
8,26,67
14,29,98
5,12,40
2,23,38
10,16,25
12,28,13
10,28,47
7,29,59
12,20,9
5,2,33
11,12,29
14,18,58
14,7,95
5,18,88
15,1,86
4,15,3
3,24,51
5,24,16
1,16,9
14,18,72
15,21,41
4,19,64
14,2,48
9,23,15
9,11,83
13,21,96
12,3,50
13,8,90
8,2,21
7,5,57
11,24,69
14,20,51
14,16,87
9,27,82
6,21,96
12,21,52
2,16,96
12,17,64
2,19,2
15,23,47
4,19,18
14,27,99
15,18,98
2,17,42
7,4,71
14,21,68
9,3,94
3,6,88
7,24,54
7,27,78
5,8,62
5,14,40
10,5,6
6,16,84
7,1,77
14,18,7
15,11,54
13,22,77
1,23,26
10,17,50
13,26,77
11,22,53
3,16,31
10,14,76
11,25,10
10,9,40
5,3,64
11,20,37
4,24,15
4,20,41
9,15,83
15,2,22
1,15,31
6,11,25
10,5,1
14,22,12
12,12,43
12,5,16
5,2,27
8,23,7
10,14,86
14,10,55
7,7,49
2,7,43
5,30,39
14,3,16
5,28,93
7,24,99
11,17,94
4,21,71
15,3,99
4,15,21
10,17,2
11,28,74
9,19,10
5,19,92
13,5,40
9,3,22
1,25,63
4,30,78
15,11,86
14,16,22
10,30,67
4,19,9
1,16,69
9,27,11
1,1,7
15,18,11
6,18,81
1,15,5
9,7,4
12,6,3
3,23,23
14,17,35
10,20,85
14,28,100
2,13,69
7,3,71
13,14,37
15,30,75
8,17,31
2,10,44
13,23,35
5,30,95
1,19,50
13,17,36
8,17,70
8,6,89
1,4,57
8,2,57
2,24,12
9,15,7
5,27,38
8,1,76
14,23,34
9,25,5
1,12,80
5,26,93
8,9,37
13,4,5
5,4,44
10,18,95
6,23,61
7,25,51
15,4,18
8,18,75
7,8,32
7,25,38
12,21,4
5,11,22
12,21,99
11,22,76
11,30,66
14,13,83
13,27,22
7,8,82
10,20,3
9,25,55
12,21,72
3,5,58
15,21,4
4,28,9
5,30,30
14,26,59
4,28,69
5,15,37
13,14,71
8,24,5
5,24,50
5,2,52
7,2,38
11,22,8
12,6,30
7,14,11
8,18,18
13,25,78
2,28,67
10,23,90
9,25,67
7,1,88
3,14,86
13,22,56
6,23,76
7,23,85
14,5,39
11,10,85
15,24,92
10,11,45
1,12,16
10,4,3
5,24,43
10,24,92
3,7,77
1,6,1
6,7,31
10,12,47
9,15,24
5,7,14
6,25,39
10,1,43
11,27,75
12,25,68
11,24,49
9,24,1
5,13,62
12,28,81
6,24,80
4,11,54
5,10,45
7,7,47
7,16,49
7,12,5
12,21,7
6,24,80
2,12,96
7,3,83
9,13,77
4,12,32
11,12,57
3,16,12
2,1,72
5,14,20
14,24,16
8,12,31
2,7,7
2,16,19
2,6,100
3,14,93
1,30,31
10,18,24
13,9,81
7,15,42
6,19,7
12,3,2
3,23,8
12,2,27
15,16,12
1,2,75
2,17,99
12,19,69
8,14,74
3,1,93
6,17,79
13,10,16
4,18,70
15,29,58
9,9,34
8,12,50
15,29,39
4,1,40
2,29,11
4,5,12
11,14,23
9,20,53
3,27,57
3,19,15
6,2,96
9,7,46
4,7,26
8,8,97
13,5,91
11,8,76
6,4,70
7,12,3
14,30,83
11,10,22
14,20,71
9,10,46
14,10,34
5,21,38
13,27,21
4,13,53
5,22,33
5,30,21
2,7,42
5,6,43
5,21,75
3,28,26
11,25,17
3,24,89
12,21,26
1,20,40
3,21,100
14,8,2
14,1,48
3,13,13
6,25,98
3,6,65
12,30,79
12,8,47
14,3,30
14,16,63
2,15,31
10,23,20
15,15,36
2,2,16
2,30,29
1,21,18
12,3,38
9,30,6
2,17,98
1,22,10
5,27,35
6,5,25
4,24,89
3,22,74
4,3,93
4,10,56
6,8,74
10,3,23
8,24,45
10,19,39
13,26,49
8,7,71
8,16,30
9,16,27
9,21,16
8,23,12
1,8,94
15,28,32
15,4,29
5,20,87
5,16,97
3,2,90
5,30,86
6,15,42
4,15,71
6,11,68
12,25,81
14,7,21
6,22,9
12,3,68
12,29,88
1,19,85
12,1,23
1,16,16
13,3,84
10,16,42
6,14,17
5,24,30
11,15,99
2,18,74
9,15,8
10,14,16
2,15,39
12,14,8
3,23,89
13,28,12
13,7,55
15,10,30
8,25,95
8,2,28
5,17,36
6,28,85
15,13,59
8,20,31
6,16,51
15,5,48
8,11,16
15,18,31
11,26,32
12,28,57
10,29,85
12,16,87
3,11,19
15,2,67
7,15,22
10,30,90
7,7,61
5,26,11
2,25,93
14,9,30
6,1,89
2,26,40
15,14,23
11,5,65
13,17,28
12,3,66
7,22,100
7,18,1
4,18,55
4,1,19
6,20,59
4,23,52
10,19,48
11,20,32
7,11,93
15,9,61
9,24,57
13,1,2
15,3,12
10,27,83
8,15,88
2,25,22
11,5,78
13,2,23
13,25,11
11,6,87
5,25,93
13,13,69
11,26,41
13,14,43
14,12,25
8,23,19
2,14,62
12,28,70
15,29,9
13,11,57
3,27,95
9,14,79
15,26,66
14,2,4
12,4,67
3,8,5
4,17,99
7,7,46
12,24,24
1,22,60
13,13,86
3,23,18
8,9,23
2,2,6
7,10,27
6,17,72
7,29,25
14,23,9
2,16,87
12,9,97
9,24,8
8,7,9
10,9,21
2,1,76
9,20,28
2,5,65
7,27,61
11,17,46
4,26,53
11,3,35
9,21,33
13,20,22
2,14,61
1,4,7
12,16,37
7,21,93
10,18,4
12,7,72
6,1,94
5,12,23
10,6,65
11,19,72
5,23,32
5,23,27
2,20,4
8,6,51
9,22,71
14,23,81
11,21,9
10,29,64
6,14,27
13,22,84
9,22,90
6,24,22
8,26,16
10,13,58
6,6,71
5,13,35
7,18,54
9,17,51
1,8,13
3,20,13
5,26,25
12,3,56
2,17,57
2,30,19
6,15,93
4,6,46
2,18,28
3,25,67
12,5,44
5,26,47
6,20,34
6,14,29
10,17,57
4,9,13
9,8,5
14,2,81
9,27,65
5,2,5
9,11,82
11,13,2
14,5,60
15,21,81
6,21,36
1,6,23
5,7,41
2,18,58
9,25,49
15,28,1
3,2,49
2,7,20
1,9,70
9,20,69
8,28,14
1,10,97
14,27,98
8,29,69
7,1,64
9,21,85
3,14,21
14,4,82
10,16,35
5,21,16
8,14,95
5,4,93
8,15,67
2,8,15
13,8,5
3,4,17
12,20,45
14,8,59
11,25,32
3,26,67
8,19,8
6,21,49
13,15,50
12,9,38
11,29,99
10,23,73
12,30,30
2,22,80
9,11,33
12,22,39
8,16,37
3,28,1
7,6,75
9,4,71
5,9,69
11,28,57
14,20,29
1,10,29
8,1,69
13,7,64
15,10,95
11,16,38
4,4,67
15,13,52
14,17,87
7,23,87
9,16,81
7,11,88
15,4,58
12,11,90
11,8,55
6,1,92
11,18,90
14,26,52
8,18,73
3,16,44
11,14,79
4,3,83
12,28,80
9,2,53
10,8,73
1,15,41
4,16,59
13,18,84
14,30,13
5,6,2
10,20,71
10,18,70
10,10,2
1,26,12
3,8,25
12,11,40
15,7,9
2,23,1
15,20,77
2,26,78
9,21,16
3,21,100
5,5,68
10,11,53
4,16,73
2,15,100
13,28,56
4,4,31
3,9,54
2,15,39
14,8,57
1,30,61
11,29,2
2,3,2
5,26,26
4,29,75
2,18,38
11,28,47
10,19,24
6,12,41
4,30,38
8,24,62
7,3,45
1,11,90
14,23,87
9,2,46
4,22,44
4,14,43
4,5,64
12,6,43
8,27,14
14,2,51
12,5,43
3,24,10
13,30,79
10,9,61
9,10,26
10,17,100
10,26,82
10,7,19
2,3,42
10,30,81
4,20,32
7,12,23
13,13,50
4,19,72
10,22,15
9,13,44
2,28,52
2,29,82
10,21,44
14,28,65
14,20,23
9,11,98
12,14,26
6,8,25
15,9,3
15,22,14
14,6,78
8,22,27
2,14,46
3,8,78
4,21,46
7,29,63
7,24,21
3,1,31
12,17,57
5,19,25
7,29,34
13,13,64
6,2,91
13,13,70
7,19,62
14,25,56
10,28,3
10,22,65
15,17,4
6,2,37
6,19,76
6,9,90
8,19,73
1,19,83
1,3,98
12,13,86
9,25,29
4,28,29
5,25,83
6,24,90
10,14,57
14,18,16
11,29,71
6,16,12
5,5,89
6,26,64
1,19,83
15,29,37
4,26,39
2,6,4
4,11,52
9,10,61
1,20,43
1,4,21
8,6,23
2,2,3
4,17,41
13,17,40
10,3,29
14,24,16
6,24,73
7,23,65
6,5,56
6,19,34
12,26,50
10,14,26
3,15,11
4,30,15
8,23,87
1,15,31
3,26,24
13,7,51
2,11,91
10,27,63
15,27,82
7,16,49
11,7,36
15,26,63
4,28,72
2,11,6
11,4,6
2,23,22
13,27,68
15,24,22
4,13,91
15,26,3
4,15,50
1,13,57
6,30,46
14,16,13
14,1,26
12,18,39
8,8,47
4,14,72
14,15,37
7,1,56
9,27,59
4,30,36
12,6,95
13,10,12
7,19,5
14,1,24
1,14,67
11,29,17
15,10,45
13,16,25
3,17,90
2,22,98
15,14,93
6,30,5
9,2,97
3,23,93
11,30,65
14,7,66
7,29,5
14,8,86
12,12,7
4,12,69
9,12,93
13,30,68
8,10,6
15,6,55
14,20,40
8,5,36
4,3,59
5,8,40
10,16,65
1,18,5
14,10,21
4,22,41
12,24,27
7,11,48
10,16,6
5,24,23
15,24,51
3,21,28
9,3,1
5,11,94
6,19,96
15,1,23
15,13,91
3,12,11
13,8,58
7,30,34
11,29,31
9,15,33
2,3,1
13,14,82
2,8,21
10,24,53
7,10,65
2,24,99
2,1,65
8,10,90
4,16,99
12,17,63
3,30,6
7,29,98
5,26,57
3,12,47
13,24,1
6,28,59
8,24,78
11,2,7
13,30,71
2,15,2
7,28,12
4,10,86
12,12,47
8,7,37
1,16,15
2,4,52
5,27,21
8,5,21
11,15,3
10,16,81
2,28,38
1,29,29
7,10,36
3,29,31
12,15,9
5,27,65
2,22,69
3,5,90
2,29,88
9,14,20
4,27,78
5,30,22
12,6,6
9,21,26
9,17,6
10,23,8
4,4,67
3,29,95
6,17,20
8,25,39
1,3,79
2,24,92
11,7,32
13,9,4
12,9,47
10,7,51
13,27,32
2,15,97
1,9,52
3,21,21
1,29,38
14,7,28
6,28,27
8,16,52
7,11,97
13,2,35
3,11,71
2,18,22
15,28,87
8,19,34
8,30,3
6,12,11
15,22,1
1,16,45
8,24,57
4,22,32
9,30,17
13,26,52
3,12,86
8,26,77
14,16,36
14,12,96
15,17,66
1,6,76
6,19,36
6,7,58
3,2,100
6,11,65
10,14,68
8,22,55
1,6,80
8,4,12
2,6,25
12,1,3
2,4,52
6,14,86
3,26,11
5,26,37
9,23,22
13,23,55
12,7,21
11,8,87
10,7,24
2,6,36
12,28,5
15,1,55
6,3,11
12,22,30
9,6,13
9,18,87
13,21,47
11,3,22
3,23,33
4,13,64
12,15,1
14,30,25
12,20,63
6,13,57
8,15,67
2,9,71
1,12,54
12,13,16
11,19,56
8,9,31
13,5,99
8,25,1
6,4,37
14,4,64
10,19,83
5,24,29
3,13,99
13,6,75
1,17,64
6,2,82
5,11,48
14,21,78
4,29,62
7,12,92
4,22,76
14,16,81
13,15,46
4,6,76
1,4,58
13,28,55
6,20,60
13,8,80
10,6,88
14,17,24
8,20,62
9,2,60
9,6,71
6,5,95
11,16,38
14,26,61
1,22,74
4,26,20
9,21,19
2,27,88
9,14,78
10,20,89
6,17,48
4,23,53
9,25,27
7,16,21
10,19,81
12,28,29
2,15,79
12,20,35
7,2,75
7,17,8
4,4,25
5,12,60
1,16,36
14,7,64
3,30,69
5,17,53
10,27,49
6,28,60
14,17,56
13,23,41
12,11,85
3,18,64
12,21,33
9,11,66
7,15,60
11,4,94
4,8,11
2,5,69
3,3,11
14,5,60
1,4,83
1,26,91
15,29,95
14,17,92
9,7,19
14,10,39
15,20,73
1,6,12
3,28,82
6,14,20
4,11,69
12,14,14
13,27,76
4,12,94
13,24,8
2,9,12
2,27,65
3,26,4
11,30,31
2,24,87
8,24,51
2,16,31
15,11,12
4,9,25
6,30,48
9,10,83
4,3,41
13,12,26
14,13,27
15,4,71
5,18,55
14,10,27
1,2,31
13,23,84
11,11,28
3,22,16
15,11,3
5,27,18
14,27,10
1,7,84
1,25,39
7,25,16
13,29,59
14,6,81
11,15,57
6,30,38
10,11,92
5,28,59
4,20,4
15,17,91
4,3,37
3,27,95
3,28,67
3,25,65
12,16,55
12,5,99
1,2,47
6,26,82
15,24,48
11,4,23
3,24,97
11,28,65
12,17,83
2,13,52
13,9,42
15,7,28
10,18,63
8,27,88
9,1,75
3,25,87
14,14,62
9,27,58
14,28,80
6,21,32
1,26,14
11,1,48
6,5,86
14,11,15
3,23,78
5,12,55
6,5,8
13,22,38
11,26,53
7,7,46
7,17,27
6,10,96
4,24,88
4,9,4
8,21,37
12,4,98
14,11,62
15,20,4
1,15,58
8,13,27
3,25,54
8,20,2
7,18,17
15,22,82
1,5,36
7,18,16
5,29,21
13,23,55
5,21,59
10,1,38
7,17,55
2,24,54
5,28,73
10,16,81
5,11,7
5,1,77
4,10,93
14,10,95
10,29,56
5,20,88
3,29,54
6,8,13
15,1,59
13,3,56
8,13,19
13,30,6
4,24,63
13,15,47
5,2,94
3,20,41
11,14,52
8,19,9
7,21,94
6,6,39
12,5,8
1,9,95
13,22,73
15,15,76
14,18,6
4,5,95
2,30,82
1,17,20
9,2,44
7,19,35
10,25,16
4,7,51
15,15,94
3,16,88
9,9,44
4,10,77
14,10,18
12,24,99
6,21,15
6,28,100
5,27,58
9,29,54
4,28,21
8,14,16
13,8,84
12,4,13
9,30,71
1,5,55
14,14,35
15,3,17
5,22,46
8,5,47
12,12,1
11,13,1
4,10,4
2,15,70
5,1,57
12,27,8
2,18,92
6,9,10
5,5,93
3,5,40
5,1,19
3,28,72
15,11,30
10,7,77
3,16,11
9,20,52
4,20,22
7,13,99
7,30,45
14,17,14
14,17,61
10,11,46
3,10,93
2,29,68
3,6,86
7,30,69
15,15,2
10,17,73
2,24,78
6,25,22
2,13,75
8,18,4
11,8,63
12,27,33
6,3,63
3,5,53
10,4,61
13,20,56
7,21,72
14,20,29
11,4,7
12,14,40
4,11,39
5,7,19
7,11,43
12,13,34
12,27,77
2,1,86
10,20,55
10,18,41
9,21,77
15,29,15
8,25,20
8,14,63
13,1,87
10,3,36
14,22,17
10,30,87
4,9,57
6,25,83
2,12,71
7,9,98
5,20,66
14,25,17
12,2,44
2,9,15
9,6,32
2,13,20
9,16,58
2,2,75
12,23,75
15,9,93
11,17,50
1,20,56
2,6,40
9,9,85
15,5,14
12,23,72
7,18,9
7,29,83
10,28,38
5,6,2
15,23,75
15,5,96
13,23,72
4,17,44
12,12,90
13,6,26
15,13,43
3,20,1
14,25,5
3,8,42
8,4,86
7,26,26
15,22,2
3,15,12
2,23,82
2,3,37
4,14,19
7,28,12
9,26,24
12,3,68
11,9,88
2,13,12
1,8,64
4,11,2
5,30,81
13,3,99
15,24,7
8,5,99
1,27,86
13,30,58
5,1,31
5,27,47
1,6,34
9,23,73
9,10,53
7,28,71
15,11,59
6,15,44
14,8,38
5,4,33
4,12,27
14,17,95
11,18,10
8,24,1
15,22,27
14,15,24
13,16,39
8,17,50
4,3,47
12,23,59
11,19,52
10,29,90
1,15,2
10,4,22
2,25,88
5,27,56
5,11,9
5,10,56
4,3,84
3,17,1
10,10,39
1,26,68
2,28,77
8,11,66
10,25,4
1,1,16
3,13,83
13,15,3
5,12,90
14,13,55
8,11,71
12,12,85
11,9,9
3,13,53
5,1,71
11,15,50
14,9,61
1,25,15
3,5,12
12,3,15
4,25,9
7,2,87
15,27,6
14,26,29
9,21,47
8,24,10
6,13,88
4,28,96
12,3,83
14,15,37
6,19,7
3,22,34
6,16,45
2,30,43
8,4,78
3,21,44
4,20,67
14,15,55
1,2,26
4,14,71
12,10,57
10,28,18
1,10,45
10,28,10
2,1,7
8,19,86
10,1,90
12,3,61
15,30,78
4,14,42
5,21,73
10,17,33
4,17,97
1,2,91
3,12,49
9,16,12
12,24,82
9,14,50
12,30,52
12,6,66
14,30,41
15,18,41
15,18,2
10,30,46
11,10,32
6,22,56
7,2,60
15,30,20
14,20,16
14,17,19
12,2,73
9,17,41
6,5,71
5,13,70
15,9,63
14,5,11
6,24,53
6,12,66
8,17,79
14,7,34
15,8,97
10,14,98
4,9,32
14,28,43
6,13,100
12,28,86
8,8,85
11,25,53
10,7,56
8,29,76
9,18,54
12,19,77
14,18,22
1,19,22
4,26,67
9,3,87
3,4,40
5,5,29
15,4,13
1,9,86
6,28,54
6,14,52
3,29,39
4,5,62
13,8,48
11,3,21
10,24,56
12,8,39
5,6,40
10,30,35
15,2,8
9,6,37
9,18,60
2,20,48
2,26,82
8,10,89
6,6,96
1,9,80
10,24,59
1,2,16
7,18,40
14,4,23
5,11,67
5,4,48
2,29,19
6,21,11
8,2,30
6,27,45
8,4,19
5,20,60
1,28,18
3,9,35
1,14,59
13,22,17
3,18,96
12,10,4
11,26,36
11,9,92
6,29,18
1,9,76
14,8,92
11,13,7
12,10,47
1,26,56
7,22,25
11,2,65
2,17,67
4,5,85
10,9,69
1,3,91
11,25,68
15,24,7
12,24,96
13,14,6
4,11,68
2,4,57
1,23,49
7,4,1
2,25,77
11,30,8
9,22,28
13,5,76
1,2,55
5,21,72
3,9,63
3,15,56
11,24,1
9,7,45
8,16,96
8,2,46
3,24,49
5,13,73
2,27,40
3,22,90
9,21,5
6,21,53
10,15,22
15,4,91
12,17,77
6,18,1
12,13,47
8,6,37
7,22,34
9,27,49
7,8,16
10,30,76
14,10,41
7,23,83
14,6,52
7,7,33
7,7,24
5,4,66
8,10,61
13,23,85
4,17,79
1,28,12
14,26,22
9,27,24
8,25,5
13,7,38
3,19,31
3,21,80
13,14,57
11,18,6
12,13,79
14,7,44
12,21,26
5,24,11
4,3,89
11,30,46
13,23,40
8,4,54
5,12,39
4,25,29
1,28,42
13,27,15
9,16,61
14,9,82
5,15,89
8,3,84
4,3,61
10,8,15
5,30,28
4,3,36
15,16,45
4,30,64
13,27,46
5,6,30
12,4,34
7,8,54
6,28,62
12,12,36
5,9,57
7,23,51
7,19,17
11,24,26
8,25,3
5,10,47
8,13,61
9,16,84
9,12,41
12,29,75
12,19,91
3,16,41
2,30,53
14,19,100
12,9,22
9,28,93
15,10,53
10,26,97
5,29,83
3,5,33
5,8,13
14,12,44
7,16,74
15,15,66
10,22,15
12,14,16
10,8,85
10,14,55
6,27,23
6,7,29
1,26,7
1,28,66
7,9,91
4,30,33
7,20,12
12,29,52
4,14,25
6,2,68
15,3,11
11,27,36
10,12,56
6,2,63
9,6,49
14,29,90
15,29,17
6,23,5
15,7,17
14,4,90
5,30,46
13,26,12
13,15,81
6,3,21
12,23,58
7,18,65
14,27,64
8,28,98
10,18,49
1,21,67
13,27,91
15,6,86
9,21,63
3,3,68
1,26,41
12,9,67
2,1,11
6,29,40
14,6,20
3,7,90
3,22,69
4,17,56
2,1,22
3,25,62
6,9,65
11,14,100
13,30,24
2,29,90
10,4,68
8,19,63
13,27,13
11,18,18
2,2,97
13,22,10
7,2,43
10,6,85
4,30,83
15,12,42
13,21,73
6,9,48
10,29,19
14,29,56
10,11,67
12,22,88
13,29,87
7,3,56
15,25,58
10,4,14
3,22,45
13,16,85
4,5,88
1,24,21
14,17,65
10,18,74
15,7,53
2,7,17
7,13,53
8,22,24
3,8,54
9,2,91
2,9,56
3,29,51
10,16,94
14,5,21
7,9,5
6,27,75
6,30,76
9,22,24
15,15,32
5,15,64
15,18,94
6,10,25
5,6,15
14,29,50
3,22,31
7,27,56
5,26,56
10,13,26
13,27,5
10,14,46
10,12,65
11,24,18
12,26,51
11,24,21
7,2,30
14,18,18
14,20,37
4,27,73
14,30,52
14,4,27
14,26,85
14,1,15
5,25,31
7,3,93
13,14,10
10,19,3
2,7,63
15,1,61
13,27,20
11,25,23
7,4,74
14,14,89
14,7,66
6,29,49
13,6,95
9,11,43
8,1,93
8,27,76
10,8,51
13,4,91
8,8,9
12,7,18
2,11,4
6,5,36
6,8,40
1,29,26
11,27,28
12,17,64
13,7,60
8,7,74
1,10,3
7,30,28
11,17,27
9,28,57
8,8,77
14,11,13
15,19,35
5,19,79
15,25,98
11,21,38
9,19,86
4,2,96
11,20,18
11,16,11
8,8,76
4,1,43
8,2,77
11,8,98
10,11,41
1,22,3
7,10,27
5,20,43
2,2,95
4,17,32
2,17,72
14,26,46
11,3,62
14,12,64
2,20,7
6,1,92
9,30,39
4,3,51
5,19,11
14,14,54
14,23,4
3,30,49
1,14,98
6,26,85
3,16,13
3,4,39
6,5,18
9,24,55
2,15,62
7,30,35
8,27,28
1,23,90
4,10,90
9,26,65
4,7,24
6,10,12
10,11,43
10,21,34
9,22,55
10,10,93
10,11,12
14,28,13
1,2,82
1,4,28
15,9,95
1,1,27
3,13,92
11,27,93
12,26,63
6,3,33
13,21,22
12,29,94
3,30,22
4,2,45
10,19,54
9,15,85
3,22,60
9,25,73
4,3,79
1,27,54
10,29,77
3,11,48
5,13,45
9,26,27
10,16,67
4,19,28
14,14,99
7,20,41
11,12,78
10,29,25
4,7,33
13,19,83
12,1,3
10,4,8
2,3,71
1,14,71
9,27,97
13,21,97
10,13,55
4,24,56
1,27,61
13,28,46
8,22,85
10,6,41
11,13,8
14,9,68
8,29,21
13,10,83
13,5,5
14,8,10
15,6,33
9,23,79
15,16,8
11,16,16
2,4,57
4,23,14
6,26,96
2,15,35
13,12,83
3,23,5
15,23,84
2,4,36
14,18,83
15,29,39
11,30,8
15,4,87
2,18,96
1,22,96
9,16,73
11,29,51
7,1,6
14,1,20
13,29,84
4,21,52
12,17,84
6,12,46
7,8,100
5,10,3
7,26,98
9,23,52
12,3,11
1,13,41
3,14,41
11,25,60
11,11,75
8,21,63
3,9,62
7,16,25
1,6,70
8,28,27
2,7,33
6,9,75
13,22,91
14,17,46
5,1,56
10,3,50
14,16,41
5,14,86
1,28,28
5,16,1
5,8,49
1,12,92
5,25,43
4,3,57
8,27,37
9,10,41
7,25,10
8,25,32
5,19,46
1,11,94
7,6,82
4,14,57
7,22,93
6,26,55
1,1,44
12,13,85
15,5,62
3,7,67
14,10,42
4,27,65
12,16,98
13,22,9
12,18,96
7,8,45
9,4,92
11,24,16
8,11,80
11,7,54
12,18,67
10,3,68
12,21,94
15,19,36
2,21,38
2,3,92
2,8,58
15,20,5
15,19,81
4,11,26
11,29,67
9,17,69
3,21,42
7,29,72
13,14,43
4,20,86
12,14,89
2,14,95
15,19,14
8,2,54
9,8,19
10,23,20
4,3,36
8,29,70
14,21,50
1,13,85
5,6,34
4,8,47
2,2,93
10,24,4
4,9,1
1,9,42
5,8,7
5,22,97
14,10,58
12,11,76
6,22,9
10,25,19
14,5,78
14,24,64
3,30,32
15,7,33
6,22,34
12,4,31
4,7,72
2,1,9
6,15,78
6,11,11
1,27,88
10,12,21
8,15,31
6,29,93
2,4,86
7,28,53
11,25,10
11,9,74
6,30,86
7,15,59
14,29,12
7,20,77
5,14,98
13,30,80
5,22,72
1,27,31
9,23,90
13,9,18
3,22,7
8,17,36
10,8,6
2,27,99
10,17,78
15,3,58
8,26,26
4,9,15
15,1,17
15,16,31
9,12,82
14,20,14
11,20,36
2,22,82
2,7,63
1,1,55
4,12,68
11,7,89
4,27,30
4,16,57
15,5,69
4,3,47
9,5,3
15,19,35
3,22,82
9,18,45
9,3,18
4,23,11
8,18,53
2,1,90
6,17,6
14,10,13
11,21,87
9,24,31
6,19,98
11,3,77
10,13,24
5,3,67
9,18,90
3,22,31
4,4,57
11,15,98
9,24,95
9,23,41
3,13,71
5,27,45
9,19,72
7,14,27
5,13,90
7,8,53
7,24,8
2,26,28
8,2,58
4,23,51
8,10,10
1,11,62
3,27,12
5,30,59
3,1,90
2,19,87
3,17,39
11,9,96
7,17,50
9,15,15
4,8,96
9,4,7
7,5,9
3,6,97
6,14,22
3,25,7
12,4,57
5,20,4
4,28,90
7,28,19
4,4,86
4,14,25
12,30,37
14,29,57
10,19,86
2,24,81
11,17,33
11,19,7
10,14,89
2,2,32
13,28,97
3,11,63
11,15,21
5,22,42
11,16,56
1,8,40
14,30,24
2,10,58
12,5,70
15,18,39
12,23,62
9,18,28
1,20,61
9,30,26
10,6,44
3,29,11
10,6,41
9,14,44
10,2,17
6,6,91
3,28,19
10,17,95
8,8,81
9,20,43
12,2,50
10,25,20
2,5,36
3,15,46
9,17,75
9,12,23
2,28,18
6,3,4
10,11,53
10,29,67
1,24,86
7,17,12
2,19,74
9,17,25
4,15,43
7,26,31
2,11,93
7,3,99
2,11,89
1,8,5
5,19,16
13,28,33
7,4,5
7,27,75
5,16,20
3,29,94
5,22,35
11,1,93
2,21,25
2,4,26
11,20,37
13,21,68
14,28,62
1,13,9
7,20,82
13,14,83
3,15,10
7,27,93
5,3,12
2,2,36
10,21,80
11,3,94
8,21,60
14,12,80
5,4,16
6,15,78
13,4,12
10,16,78
12,15,48
3,22,97
7,24,30
14,17,6
13,30,50
8,29,79
4,25,17
8,21,53
6,8,85
14,30,91
6,16,39
7,25,33
12,21,25
15,24,34
4,27,7
2,13,99
8,5,7
9,22,47
9,2,64
10,13,44
9,22,5
8,10,32
5,27,60
11,13,13
8,25,66
15,27,51
12,4,77
9,27,21
1,13,47
3,29,62
14,20,57
8,15,32
5,28,32
2,16,23
8,9,90
15,23,65
10,2,47
2,19,35
6,6,80
8,27,31
8,3,49
9,8,40
15,7,17
9,6,81
8,5,98
5,1,32
4,13,92
14,4,9
14,25,76
9,3,95
3,5,45
2,8,87
9,1,97
5,22,46
5,8,50
12,3,15
4,26,87
4,23,78
8,5,67
14,1,71
7,23,24
12,21,44
9,21,95
13,15,40
11,15,92
1,27,90
8,7,14
3,13,84
7,13,46
9,2,100
11,7,23
3,17,8
9,6,90
11,5,38
8,15,82
12,26,35
2,15,77
5,26,38
3,16,3
8,9,15
10,23,99
10,3,3
11,4,55
6,19,36
9,5,88
8,14,24
15,10,96
3,27,82
8,14,84
14,29,54
15,15,33
3,4,28
11,18,46
3,30,76
12,19,31
7,28,7
13,17,59
7,5,51
15,15,86
1,20,55
3,7,46
1,5,54
15,24,14
14,7,5
2,18,70
15,3,22
13,24,55
15,1,74
10,25,28
5,9,94
3,16,82
14,17,81
6,26,37
5,2,64
2,13,2
3,7,84
9,27,98
9,18,78
15,19,20
7,12,73
12,3,95
1,18,80
4,23,10
9,8,14
14,17,11
12,28,39
3,22,21
13,26,6
9,25,33
9,2,37
8,14,24
2,30,30
9,23,69
14,5,77
1,6,27
10,12,32
11,18,63
7,16,4
5,10,63
7,13,63
7,29,86
12,28,59
8,28,9
4,25,52
11,3,15
3,23,6
10,21,19
6,21,66
8,10,14
15,19,77
9,17,6
15,22,55
5,13,68
2,7,53
9,14,49
15,27,66
14,8,45
12,13,93
7,12,32
9,14,1
1,13,50
7,28,27
4,2,73
5,5,3
15,7,91
2,14,85
6,26,41
6,26,92
11,7,20
2,10,6
3,26,57
4,26,68
2,15,30
5,20,44
9,27,46
5,7,70
4,28,98
1,15,14
5,10,78
9,14,6
9,5,38
8,20,20
1,6,70
6,25,75
3,4,3
8,18,84
11,5,48
8,4,65
8,13,1
14,11,46
6,9,15
12,22,12
9,25,45
12,15,4
12,16,74
15,2,26
15,16,64
10,4,12
9,8,21
6,21,11
8,13,35
11,7,14
11,17,73
5,16,95
11,19,55
10,6,50
9,12,33
14,25,10
2,15,11
8,25,5
10,11,20
5,27,83
3,22,44
5,24,17
2,17,10
1,19,5
13,11,30
12,11,34
15,23,17
6,8,80
15,8,22
5,14,83
9,4,46
2,28,38
11,20,59
12,4,95
11,5,29
14,28,91
7,16,85
13,4,41
13,3,9
4,16,4
14,26,15
6,28,96
13,9,31
6,18,98
15,17,10
12,14,24
15,15,17
12,10,94
3,27,47
2,7,78
4,15,17
11,2,68
11,29,31
10,22,17
6,2,53
3,16,5
14,4,52
13,26,42
12,2,2
12,4,93
14,10,70
2,2,66
12,19,47
3,16,71
1,4,87
7,23,64
6,14,54
1,18,97
1,26,3
5,15,20
5,14,14
14,9,1
5,6,25
14,9,11
10,9,69
5,25,80
6,6,38
7,2,85
6,24,100
14,3,72
6,26,81
4,28,27
3,24,50
2,2,55
6,1,67
2,4,1
11,6,96
14,1,7
1,20,4
10,6,14
10,22,68
4,10,97
7,25,30
5,15,26
4,19,56
2,8,44
14,7,80
8,1,42
4,28,61
6,26,40
3,26,33
10,25,64
13,14,9
5,2,11
4,6,63
11,5,23
7,5,42
13,15,43
13,13,12
2,2,96
11,9,55
2,29,43
5,6,54
15,28,100
11,3,28
13,8,93
13,8,92
11,27,43
8,19,22
9,8,41
10,15,88
6,5,4
10,20,53
14,8,62
10,3,20
7,17,99
2,27,13
10,29,25
8,18,2
11,20,94
3,28,28
3,26,41
15,6,26
10,29,34
13,15,93
9,21,55
4,10,10
14,17,12
12,18,50
1,4,24
11,27,39
1,4,28
1,30,6
10,13,29
12,20,73
1,21,87
13,14,45
3,3,87
7,28,7
12,14,3
3,6,92
5,30,100
3,15,5
4,10,44
1,28,40
1,12,9
1,10,47
14,14,76
14,29,48
5,24,42
5,11,87
9,29,85
12,20,87
1,20,64
7,21,50
1,2,58
1,2,24
3,4,69
11,19,96
7,7,36
1,25,2
4,5,44
6,11,32
7,11,9
10,19,33
4,7,75
15,23,44
15,26,74
3,24,68
3,8,38
9,5,79
14,18,37
2,1,76
3,10,74
10,21,46
3,2,62
14,5,86
7,24,72
3,4,96
12,17,36
11,14,5
1,5,43
4,11,26
9,3,47
11,27,18
1,30,84
15,26,2
7,6,92
12,19,100
9,12,26
6,23,79
9,17,96
4,8,84
4,17,8
4,5,80
13,5,38
8,9,97
6,14,92
9,5,68
6,15,20
15,13,32
6,12,39
10,2,93
7,5,58
4,2,46
5,9,28
1,10,100
10,1,74
2,27,33
5,26,3
6,17,12
10,28,61
15,5,42
11,2,16
7,4,50
8,25,38
12,6,25
3,11,15
13,20,25
6,10,77
1,7,48
15,18,2
12,17,56
10,17,72
10,16,98
2,2,32
13,26,16
5,8,40
4,5,87
4,25,39
11,23,20
4,6,33
7,16,79
15,8,45
10,3,22
5,3,23
8,20,68
4,9,40
2,21,38
11,9,51
4,2,1
10,14,8
12,2,26
5,14,39
10,1,56
10,13,31
1,3,34
11,11,25
1,19,81
9,2,11
13,23,56
10,14,44
1,9,36
8,24,72
9,25,2
7,3,60
12,27,94
2,19,34
8,22,26
6,6,9
11,1,84
14,5,71
7,30,72
8,6,30
15,26,100
7,21,92
6,26,9
14,28,18
4,15,46
6,5,6
11,3,72
2,30,46
2,17,93
14,10,25
6,28,70
8,9,97
2,17,85
6,8,6
14,25,2
6,4,68
11,27,4
11,25,59
8,15,93
3,19,42
15,27,22
10,28,73
4,21,90
6,9,81
9,7,3
14,17,80
10,4,32
6,23,11
7,23,98
13,25,81
14,15,6
5,27,100
4,14,94
13,7,44
14,25,5
12,27,49
5,19,83
6,30,31
8,1,39
11,21,52
2,17,65
1,11,58
5,30,64
10,11,57
6,1,55
3,19,93
9,3,7
1,18,69
1,3,99
13,29,80
1,2,100
10,26,20
14,2,18
15,23,66
6,1,4
12,20,51
3,28,97
2,9,20
4,4,21
7,20,53
5,21,30
2,3,73
4,17,34
7,11,86
8,14,50
15,17,96
14,3,93
11,14,37
5,11,76
9,3,64
4,12,99
7,1,16
14,3,55
1,29,94
12,10,52
15,12,46
9,25,44
1,16,46
10,16,86
11,25,64
1,6,98
9,13,64
8,3,98
1,2,17
8,6,9
5,10,38
12,9,57
1,17,10
4,14,72
7,25,96
6,19,29
1,6,2
1,8,83
4,28,39
13,17,79
11,10,9
3,19,42
8,1,5
14,4,70
5,19,20
4,22,78
13,11,88
5,11,87
1,7,82
12,18,89
8,4,34
4,8,94
7,2,58
15,13,63
13,4,73
12,16,95
12,2,66
5,25,54
12,22,69
14,26,65
14,8,60
14,20,83
6,25,67
11,3,28
9,30,92
8,25,83
1,16,7
5,13,20
12,17,15
6,4,65
2,15,39
12,22,49
12,5,62
14,7,7
14,30,18
15,18,3
6,20,43
1,20,79
11,29,32
6,15,99
15,20,51
15,2,58
2,23,13
9,28,37
13,26,21
8,28,94
13,19,93
4,27,13
3,25,36
12,14,42
9,14,35
11,11,14
7,2,65
12,16,48
3,28,82
2,23,5
9,21,37
3,10,100
5,30,97
10,22,93
4,17,89
9,7,6
1,15,45
11,23,81
5,3,82
10,16,84
6,30,35
14,29,47
4,26,76
1,16,28
12,1,10
9,26,55
10,19,71
10,7,46
12,8,44
14,12,27
11,8,32
9,8,52
3,26,26
11,15,15
10,14,72
7,10,53
14,29,41
5,6,72
14,9,79
8,28,49
3,16,85
13,12,68
2,7,36
2,29,63
3,7,96
4,7,63
15,7,89
10,25,99
14,17,14
1,14,88
5,13,47
7,21,31
9,18,83
11,27,30
13,26,61
14,27,17
2,29,97
15,20,46
8,25,42
6,1,32
13,20,12
10,8,37
8,12,16
4,28,33
10,20,28
11,1,59
6,27,62
9,15,99
11,20,14
5,29,21
2,29,47
15,10,63
6,9,24
7,15,3
13,19,6
12,14,64
13,1,58
7,11,6
14,1,40
7,13,19
3,10,22
13,27,13
10,30,32
4,4,75
13,13,13
4,30,9
6,4,15
13,12,3
3,12,46
11,27,25
7,16,42
9,1,22
7,14,13
2,9,100
4,8,36
9,29,65
2,15,58
12,11,9
14,16,62
5,7,45
15,1,53
12,4,17
10,26,88
13,19,94
1,3,43
7,8,20
6,22,46
4,4,19
11,7,52
6,10,52
2,12,26
14,11,34
7,13,46
1,22,80
7,1,68
13,22,100
9,5,100
14,1,31
3,27,95
12,15,37
4,2,16
7,23,78
1,17,76
13,11,83
11,2,49
5,21,1
5,22,37
1,7,3
5,21,87
8,15,95
13,7,60
14,24,12
5,23,98
4,23,35
2,5,36
4,29,33
9,20,4
8,12,88
11,21,80
8,28,82
2,20,83
14,7,70
2,4,33
8,24,40
3,29,24
5,11,81
10,23,100
7,19,40
4,2,38
14,29,9
4,20,13
2,4,24
15,2,84
12,21,33
7,19,84
9,10,95
8,23,50
8,23,15
7,20,80
5,15,68
14,4,69
14,6,8
13,8,30
10,8,9
8,1,63
3,1,79
4,11,49
11,12,63
3,25,60
2,7,60
4,26,14
7,19,33
15,30,11
6,22,98
7,24,16
9,23,39
1,28,31
12,10,13
10,22,25
2,5,85
7,22,39
11,12,22
13,27,66
14,2,85
5,9,74
2,14,57
4,11,52
4,1,61
13,13,64
1,14,61
7,22,95
3,28,76
12,5,37
15,26,64
6,11,36
5,15,69
1,9,45
9,17,62
9,23,76
4,3,73
8,29,73
8,2,9
8,2,61
1,21,55
1,6,81
10,2,70
10,20,66
3,25,16
12,2,29
11,26,46
12,6,86
10,8,49
11,11,80
9,5,96
8,1,38
8,5,3
6,28,92
15,19,53
15,21,74
15,2,21
12,25,44
12,11,50
11,5,68
7,29,69
4,1,100
7,18,4
5,10,22
5,5,94
11,18,93
1,26,8
6,26,20
3,12,66
3,1,75
13,10,65
5,2,8
10,30,100
11,27,67
11,22,74
1,13,100
9,18,97
7,20,11
12,9,40
8,6,24
14,18,83
1,14,100
4,14,79
11,9,23
10,16,12
2,27,8
4,11,11
13,3,11
8,20,3
2,2,29
4,2,43
12,18,65
1,25,82
2,9,10
2,18,47
11,5,6
12,5,19
13,14,73
15,14,1
11,9,80
5,15,78
4,22,26
6,10,82
7,25,47
5,6,73
7,27,82
1,7,97
6,14,85
8,28,61
6,7,23
10,27,100
9,25,39
7,15,88
1,24,50
4,6,85
8,17,56
1,19,74
9,7,64
15,4,71
7,20,61
14,21,48
12,16,6
11,2,13
5,23,10
2,14,4
2,11,10
13,4,51
3,22,77
14,14,3
13,30,76
4,16,84
15,23,23
10,9,15
12,11,88
10,22,61
3,24,84
2,13,65
2,11,32
13,4,79
11,14,77
3,28,52
14,11,1
3,19,100
1,25,83
1,5,9
6,29,48
5,7,6
5,6,19
2,10,30
13,23,18
9,28,27
12,29,39
12,6,96
6,14,21
7,11,45
13,5,44
8,18,93
12,6,21
1,14,32
8,28,68
1,28,29
15,5,5
10,28,90
15,21,33
9,26,8
9,14,96
5,7,80
6,13,21
5,26,32
5,3,33
3,5,25
4,23,42
15,6,50
2,16,94
6,19,11
12,19,41
14,8,56
6,10,73
5,29,38
11,27,44
2,22,7
13,24,81
14,26,81
11,6,15
12,24,25
2,19,91
13,11,22
7,13,58
15,12,78
3,17,67
11,10,36
7,29,10
15,18,85
13,1,8
15,11,86
4,7,48
5,24,93
15,11,43
7,7,14
6,14,16
6,26,15
14,17,7
9,16,14
7,13,89
8,8,49
6,6,91
9,7,11
15,20,30
12,19,39
8,17,14
13,22,99
7,9,14
8,7,4
11,19,27
10,10,76
12,10,40
11,11,37
4,6,81
4,2,19
5,23,67
6,20,2
8,7,49
8,9,42
8,17,16
14,15,6
9,27,32
7,5,58
9,26,94
10,15,41
5,6,54
13,30,91
4,13,98
2,3,50
14,4,12
15,30,38
8,8,54
3,12,100
1,13,95
1,15,47
5,19,80
7,28,71
3,21,62
4,24,16
12,15,82
11,4,20
6,26,16
5,27,14
6,21,70
6,6,100
9,12,76
11,5,49
8,28,70
4,6,29
5,20,65
2,19,82
12,20,91
7,23,62
4,8,71
7,10,66
9,17,92
8,3,64
10,27,9
12,14,55
2,16,27
2,24,92
14,4,96
15,7,13
11,24,19
9,8,44
4,6,26
1,23,45
10,11,83
15,14,43
1,15,21
8,9,48
10,18,23
12,17,66
7,26,47
3,1,64
4,14,48
14,26,60
7,28,97
3,20,11
14,9,4
12,6,65
13,4,67
14,29,98
13,13,91
3,16,91
11,11,35
6,5,19
3,7,3
7,4,9
5,20,85
3,28,54
2,3,100
11,7,2
13,28,87
3,26,4
9,14,7
13,7,31
11,10,14
5,19,21
5,9,84
13,12,60
6,16,18
9,23,48
15,26,44
4,14,87
1,16,71
7,14,25
11,2,65
14,29,72
8,14,37
12,28,26
1,27,36
4,6,91
13,17,53
5,24,100
3,18,3
8,14,14
9,7,26
10,30,49
10,2,10
2,19,32
13,2,15
13,4,74
11,12,44
5,13,50
11,19,30
13,20,32
6,22,76
12,8,59
3,30,38
8,6,31
15,6,77
2,17,69
5,6,5
13,26,51
5,29,52
12,1,6
9,30,79
10,5,13
1,1,78
12,20,83
10,30,27
11,5,65
8,21,89
13,16,54
7,21,5
9,11,80
8,10,44
13,12,99
6,3,92
11,29,13
15,5,72
7,15,23
8,7,73
2,21,25
10,15,42
2,17,28
9,6,35
4,29,94
3,7,7
15,11,70
11,13,42
14,20,47
14,20,53
10,28,67
2,12,12
5,6,5
15,3,16
11,4,56
11,27,5
2,13,93
14,24,24
13,22,25
3,4,40
11,18,76
14,26,49
2,4,47
9,11,90
8,10,16
11,25,99
2,9,83
1,30,92
3,9,41
13,4,14
6,5,32
14,22,98
2,16,62
6,25,42
4,26,19
4,14,12
10,20,37
4,28,22
6,27,77
12,24,9
9,8,39
2,12,72
13,30,23
13,23,38
15,13,51
12,26,32
13,3,91
13,13,77
6,4,69
3,17,82
11,8,78
13,24,64
6,1,93
13,15,4
13,26,65
7,25,42
3,18,78
13,28,8
2,4,1
4,28,81
7,24,80
4,2,71
13,21,81
12,8,100
12,27,87
13,26,25
3,10,100
12,5,77
10,16,48
2,12,7
8,26,88
12,29,99
5,19,6
2,19,91
4,13,73
7,27,53
5,12,32
10,23,50
15,7,3
2,6,59
8,3,53
9,27,100
15,19,84
3,19,92
10,22,83
10,7,44
5,22,51
6,26,21
10,9,15
11,21,80
7,3,6
11,3,68
6,2,21
7,8,79
9,17,53
8,22,41
14,26,11
13,26,12
12,16,95
3,29,65
5,11,7
10,13,62
13,9,13
8,23,100
5,25,4
13,18,98
2,16,100
3,22,83
12,27,39
15,18,18
10,8,39
13,23,37
6,8,29
15,6,4
2,11,56
12,10,58
3,12,26
5,16,43
11,7,94
3,9,73
15,2,58
2,6,65
2,13,83
12,20,97
13,23,9
5,14,25
15,4,79
3,23,72
15,3,85
11,3,65
12,3,35
8,30,93
6,17,7
11,12,81
14,24,25
2,24,4
5,18,70
15,11,83
15,3,28
10,22,47
5,21,79
1,24,35
2,7,54
3,26,41
13,3,53
11,11,43
1,30,26
2,29,46
13,8,42
8,24,73
6,17,76
10,18,71
11,14,78
7,2,53
5,26,82
15,8,36
1,5,9
2,19,57
3,30,2
15,4,98
6,30,37
11,1,47
10,1,56
1,12,3
7,17,45
15,8,66
8,28,31
13,7,74
9,4,18
10,10,64
2,23,85
2,27,12
11,14,20
5,9,91
12,6,11
11,30,48
4,11,77
5,12,24
8,3,1
3,4,1
13,27,97
15,22,13
8,22,99
13,29,98
6,12,92
14,22,97
10,13,73
1,1,25
14,12,94
13,25,85
4,6,82
10,26,60
1,21,19
12,15,57
12,4,51
3,22,27
11,27,35
5,11,3
15,17,62
9,28,80
7,1,73
14,18,80
3,17,11
15,8,80
2,21,96
5,16,18
9,10,77
14,29,18
11,27,69
14,14,39
13,28,58
2,29,31
5,16,88
11,10,59
2,22,63
5,8,13
9,17,27
12,24,91
8,19,37
4,30,54
3,26,57
14,13,21
14,16,16
6,20,38
13,1,47
6,30,56
7,11,72
1,23,77
11,14,13
4,8,35
6,9,36
15,3,52
14,10,52
4,10,25
11,24,96
3,13,65
11,3,26
4,15,1
7,28,38
5,1,76
1,10,50
12,17,7
14,10,54
14,8,28
1,25,59
4,25,63
2,2,46
12,27,65
14,12,22
12,11,48
3,4,98
13,10,79
10,9,38
2,19,87
7,20,9
2,9,73
6,11,54
8,14,83
9,13,20
7,13,74
6,3,58
9,26,84
13,22,93
5,17,53
7,9,44
10,30,33
13,7,94
8,3,47
9,15,64
5,14,97
1,13,28
3,2,72
9,22,81
11,3,62
10,20,44
15,13,11
13,10,5
2,29,38
4,21,80
8,10,79
13,15,30
12,25,7
9,19,61
6,16,85
4,28,15
12,5,60
2,1,47
4,20,73
7,9,40
6,4,65
3,8,9
5,12,71
12,3,17
13,8,21
9,4,74
1,5,3
8,20,16
2,10,92
11,23,63
4,25,9
9,30,68
7,15,100
1,13,68
14,28,83
10,11,36
1,5,95
6,11,72
1,21,73
2,8,79
2,20,72
1,9,96
13,19,63
9,15,27
2,18,15
2,17,13
8,12,35
2,11,11
14,16,65
12,26,14
15,14,18
8,10,10
6,21,40
15,11,12
14,24,21
6,4,66
14,25,60
3,29,17
9,29,85
1,8,61
12,24,22
12,30,74
13,15,30
4,15,39
8,14,44
14,15,29
7,4,70
6,5,34
6,23,43
10,29,70
14,29,42
15,18,86
12,4,59
3,11,38
13,18,19
1,18,33
4,6,58
15,25,30
13,5,43
9,15,5
14,24,54
13,22,26
14,4,33
5,12,45
9,28,4
12,11,47
6,22,56
7,25,2
9,18,89
6,12,27
2,30,61
4,26,76
6,16,83
15,17,59
7,12,7
14,11,11
5,11,45
7,2,97
4,2,88
12,5,1
4,28,20
9,9,59
11,25,73
12,8,56
12,3,76
6,9,97
7,26,21
1,10,53
3,6,10
8,25,51
6,2,78
14,25,100
1,15,67
13,8,79
3,18,15
1,10,23
10,15,17
11,20,46
10,19,96
15,9,37
15,8,57
9,18,62
14,21,93
3,29,88
10,30,50
1,19,46
1,18,59
7,12,4
12,21,57
11,17,94
9,29,94
9,17,7
13,28,85
4,8,37
14,6,43
1,16,7
10,16,13
2,28,53
11,27,79
15,5,33
4,30,44
1,20,69
2,11,37
7,17,64
7,20,72
14,18,98
9,25,14
13,15,60
1,28,65
14,11,72
10,11,27
5,20,81
3,18,30
9,7,30
13,2,38
6,25,35
13,9,49
3,23,14
3,20,14
14,8,97
13,24,11
4,1,46
6,9,17
15,29,35
12,17,26
3,2,81
13,13,63
15,24,42
2,5,61
11,28,84
15,22,21
6,29,46
10,20,57
8,5,24
13,23,6
2,24,91
8,30,32
8,17,61
6,30,87
12,15,68
15,18,25
1,26,8
4,11,27
11,11,49
2,15,37
3,10,21
14,7,7
1,25,58
8,8,29
1,17,2
9,19,24
8,28,19
6,3,79
10,27,28
14,7,93
14,12,83
3,26,67
3,13,26
12,23,17
10,22,32
1,24,15
8,26,13
7,4,93
7,17,96
3,12,57
5,3,48
10,10,23
3,7,9
13,20,45
5,26,30
14,24,60
8,6,25
9,6,8
9,15,68
5,8,57
9,13,88
4,19,61
12,28,24
3,4,81
15,19,72
6,21,69
6,21,16
9,25,77
7,29,56
3,28,73
8,30,50
3,18,72
15,21,77
12,17,91
7,21,11
13,2,15
6,5,50
8,21,35
3,14,36
5,11,53
7,20,98
2,5,23
8,29,76
11,20,77
10,26,51
15,16,76
14,12,34
4,22,2
13,6,29
13,7,92
1,5,17
4,8,37
8,3,72
15,11,7
10,23,82
3,27,46
10,9,85
12,14,67
3,28,63
4,3,38
8,9,95
9,14,80
1,13,72
4,7,60
14,2,98
12,6,39
6,17,24
4,26,21
15,16,65
7,24,13
4,13,3
14,20,95
2,25,17
4,5,48
2,24,28
12,27,8
7,27,97
7,15,49
13,19,40
13,25,32
3,21,84
9,21,82
12,2,35
5,14,45
14,29,67
1,9,38
9,13,58
4,22,70
12,2,60
15,18,92
11,19,63
8,7,34
14,7,10
15,9,99
4,23,38
11,11,60
10,30,47
10,25,87
13,15,27
8,22,56
9,23,83
8,27,9
5,7,5
3,28,52
15,27,68
4,26,43
15,29,35
5,18,15
9,11,96
5,25,66
7,3,72
10,26,77
14,29,10
15,19,39
9,30,64
8,19,39
3,14,98
5,13,11
10,23,51
3,29,12
5,16,45
10,24,23
10,16,93
2,9,66
11,11,28
7,7,4
10,27,39
13,19,26
3,30,92
6,5,3
10,28,12
3,13,59
4,15,20
1,3,93
4,24,7
3,10,10
2,3,4
1,26,24
15,7,52
13,10,43
15,24,61
13,6,64
13,6,100
9,3,80
8,20,87
13,21,19
12,1,42
4,23,75
13,4,4
3,21,95
1,29,64
5,11,35
8,22,61
13,6,3
10,21,86
8,3,18
11,1,21
9,26,21
5,2,89
10,4,99
15,30,33
13,20,65
9,12,61
4,2,74
9,16,75
4,3,35
14,20,87
8,7,30
9,27,7
12,11,99
14,1,11
15,27,61
5,28,63
10,15,64
9,27,98
2,7,25
1,19,32
15,23,66
10,13,43
12,10,52
5,21,86
13,28,75
8,29,76
3,30,77
14,1,55
11,12,55
10,9,52
8,4,94
10,25,72
2,2,49
4,16,93
14,25,9
7,26,31
8,4,56
2,20,55
3,22,43
8,13,99
11,22,53
9,13,64
1,6,28
14,3,33
13,1,64
10,26,13
8,24,4
15,1,31
9,19,39
9,29,47
5,18,81
5,2,40
5,2,3
3,22,2
9,10,20
6,8,19
5,4,5
9,14,13
3,10,46
2,22,52
11,3,81
1,18,29
5,3,82
1,11,41
7,3,62
6,9,23
11,23,97
15,4,13
11,7,11
12,27,46
7,25,47
13,1,46
10,22,49
13,28,31
7,20,97
9,29,34
9,8,13
9,28,97
3,14,80
2,11,30
7,24,4
7,24,16
9,30,21
7,20,32
7,16,65
10,27,35
15,10,67
12,9,79
4,8,74
1,16,36
9,13,83
15,21,68
13,25,42
1,9,26
8,2,12
9,15,58
14,4,47
13,23,8
4,16,71
14,3,25
1,27,32
5,25,68
3,2,40
14,27,29
2,23,58
1,18,34
3,28,60
13,8,87
12,3,65
13,10,41
4,15,67
7,1,83
14,6,30
1,22,63
5,1,65
11,29,25
2,17,70
11,11,93
2,17,42
11,19,56
5,17,36
2,16,63
13,9,78
15,21,12
5,17,24
4,23,62
11,9,21
5,17,46
2,29,73
5,6,89
1,17,6
3,6,100
15,13,94
11,7,78
4,12,2
11,6,69
11,7,88
12,19,14
4,30,100
12,15,23
1,30,69
12,22,53
7,27,38
11,11,99
1,25,26
3,24,51
5,29,51
14,9,12
14,27,5
2,10,35
5,19,45
4,14,69
10,11,68
13,5,68
9,26,70
2,7,15
14,29,18
13,26,21
15,14,12
14,17,10
12,30,28
5,26,75
5,21,99
15,9,77
10,13,17
7,1,58
2,2,27
4,3,96
1,27,28
8,6,13
13,19,23
7,13,12
6,17,20
15,9,58
14,26,94
2,23,24
3,28,90
8,13,74
14,26,56
11,14,23
11,23,4
5,29,99
11,3,72
15,29,17
5,27,30
3,4,43
10,6,31
3,1,77
8,16,92
9,26,43
5,13,87
6,25,55
12,22,54
5,25,57
15,4,69
9,9,33
15,11,58
7,22,10
10,26,61
1,18,23
9,29,49
8,16,31
7,28,73
8,19,27
2,1,98
15,5,79
12,20,40
15,9,18
4,22,3
14,19,31
11,25,98
12,14,59
2,14,27
8,9,15
15,23,80
8,2,91
15,20,78
12,4,88
1,4,25
4,17,28
8,22,31
5,17,14
12,30,53
1,14,26
13,26,69
7,18,62
3,15,75
11,20,71
6,18,64
13,20,10
11,24,52
4,16,61
14,29,99
14,2,78
13,25,16
14,11,9
13,2,34
4,28,74
9,1,60
7,1,96
5,21,6
10,21,98
12,29,4
1,8,24
14,9,39
13,1,36
14,10,95
7,13,46
1,18,98
9,23,24
3,15,45
1,10,49
14,26,91
7,30,82
12,8,40
8,28,44
1,6,48
6,19,90
11,21,90
7,30,99
2,20,80
7,15,44
13,17,74
13,1,2
3,30,76
15,5,95
10,12,25
4,13,50
6,22,85
4,5,40
8,13,8
10,9,36
9,29,94
11,4,18
3,28,85
12,16,15
8,1,39
1,18,95
10,12,8
14,21,37
5,13,29
4,14,64
1,30,87
8,4,84
3,29,12
8,16,1
12,22,31
8,28,96
10,25,20
6,15,69
10,2,28
9,17,48
13,9,1
13,11,86
9,20,41
10,6,66
9,14,51
1,24,45
6,19,93
9,9,59
15,8,34
3,2,9
2,1,31
7,22,97
6,14,54
14,16,9
2,25,74
1,3,76
10,8,88
5,21,27
11,22,37
6,27,93
11,26,37
4,6,38
1,6,7
14,5,12
2,5,32
2,12,24
8,30,43
12,21,21
15,18,30
7,12,3
9,2,68
12,7,11
8,21,61
14,17,32
10,7,91
3,27,67
1,16,66
10,6,6
12,25,79
14,9,77
8,1,17
13,25,48
6,22,33
6,24,92
13,12,92
13,5,79
14,17,62
13,21,86
12,19,99
12,25,98
4,27,34
6,3,38
10,10,97
5,22,87
8,18,59
1,5,91
9,28,88
1,16,79
3,16,26
12,16,86
7,24,95
10,12,58
1,22,69
7,28,78
1,10,33
13,13,45
9,30,27
15,16,56
9,15,65
4,22,80
4,11,63
10,23,38
14,7,17
14,8,10
9,26,31
2,10,53
13,23,95
12,25,26
14,23,58
10,12,22
1,30,47
13,25,12
14,9,16
7,28,79
10,21,56
8,4,100
5,6,90
8,20,91
2,1,73
2,27,93
10,12,5
14,19,1
13,20,53
7,16,42
7,20,49
7,1,75
10,15,92
4,22,7
4,6,95
9,8,95
8,7,1
15,4,49
12,11,19
8,22,89
1,25,39
4,6,97
6,11,59
3,21,50
12,16,58
8,26,56
1,22,7
7,11,1
9,14,2
7,23,11
6,4,30
6,18,36
1,16,91
11,21,36
5,8,73
7,15,83
2,26,84
4,8,46
11,20,76
11,12,80
9,9,82
6,6,28
9,8,60
1,9,91
3,24,23
14,22,54
15,19,41
11,25,42
1,2,90
10,3,44
9,23,25
10,29,89
10,15,69
3,16,88
13,27,40
11,1,84
12,16,8
5,22,37
14,7,36
4,10,52
12,16,56
14,15,81
4,13,25
1,19,73
9,5,70
11,18,10
3,12,53
13,7,4
7,8,36
13,14,22
3,27,93
7,28,38
15,19,55
2,3,99
8,4,87
3,16,88
5,29,22
12,11,83
7,15,74
8,24,1
14,18,23
3,21,89
1,22,35
8,8,100
13,20,37
4,1,99
11,4,2
10,23,79
15,16,26
12,4,36
2,10,10
2,29,93
9,30,97
2,13,44
2,17,80
1,26,91
12,3,2
12,12,9
15,7,66
13,16,31
12,12,65
10,23,65
1,20,30
1,18,66
1,17,94
5,13,17
10,5,49
6,3,34
1,24,34
14,7,9
5,3,91
15,30,94
9,22,76
4,28,26
8,21,28
13,13,8
7,12,25
10,22,4
11,29,49
3,29,92
12,25,48
12,17,10
3,19,49
11,4,44
13,20,69
3,25,98
2,9,31
8,21,49
5,5,80
6,16,67
6,14,21
9,11,47
11,4,34
5,9,95
14,2,76
5,12,49
2,16,30
4,27,28
11,1,40
9,18,56
6,11,52
11,10,14
4,8,73
8,23,33
9,1,9
13,6,50
2,24,47
4,5,20
8,25,55
12,17,34
13,9,45
6,1,63
2,23,100
2,26,17
4,30,52
15,17,84
11,26,7
11,25,85
5,28,18
11,3,5
7,26,95
15,2,44
14,12,50
3,30,44
9,16,100
14,8,50
13,7,14
11,19,13
5,12,90
8,6,81
10,7,73
8,20,20
15,17,47
2,13,25
1,19,30
12,24,13
11,25,89
12,1,27
12,18,50
5,23,69
12,23,13
1,29,97
14,28,9
7,27,81
11,24,39
2,19,66
3,1,6
11,1,65
13,25,69
15,15,39
6,7,15
9,2,89
7,7,83
7,17,34
13,25,67
12,6,72
7,28,8
7,28,86
12,2,10
1,5,90
12,20,15
4,3,68
8,20,28
7,25,23
15,9,42
10,22,3
13,6,41
14,12,91
13,17,10
10,12,91
6,27,98
7,2,12
14,27,16
3,9,12
15,23,58
12,10,37
6,23,81
15,16,56
9,21,37
10,26,41
6,21,44
8,3,35
6,5,68
13,17,35
2,18,97
11,25,49
12,1,51
8,6,39
9,13,42
1,16,25
8,15,44
3,8,52
9,30,88
6,11,31
8,13,72
15,10,36
3,13,68
9,23,11
7,18,100
6,10,34
6,13,9
6,8,90
4,22,12
14,17,1
6,30,38
11,26,98
1,25,84
8,13,79
2,1,20
6,28,80
13,2,77
9,25,80
11,17,63
14,28,16
4,3,61
3,7,33
3,11,15
11,24,58
7,11,55
7,13,19
7,29,19
15,12,20
5,3,81
12,30,14
7,24,62
3,4,54
1,11,9
7,17,97
7,8,86
1,4,15
11,15,32
3,6,42
15,18,38
15,9,84
3,8,42
2,14,98
3,22,100
13,12,69
14,18,7
9,20,47
2,13,51
5,6,35
13,27,93
10,28,89
5,30,59
13,4,96
14,18,88
8,5,96
10,2,41
4,18,27
13,17,20
5,23,30
2,4,98
14,23,65
13,17,67
13,15,5
13,20,24
9,12,87
4,23,90
2,22,46
11,26,28
3,30,54
2,2,2
7,20,96
4,21,83
1,10,80
15,18,37
2,12,67
3,13,28
4,16,95
15,9,38
12,27,42
9,7,70
7,15,50
5,11,99
5,3,66
3,28,9
2,23,95
5,13,34
1,30,58
7,14,56
5,15,99
5,26,98
6,21,21
4,30,6
15,12,56
9,21,29
6,5,29
15,25,49
1,28,98
13,12,53
11,20,17
6,22,79
14,29,4
11,29,84
14,3,59
11,10,2
7,20,99
8,15,25
4,14,64
12,14,10
1,14,17
3,21,58
15,17,31
2,13,89
2,3,68
13,20,27
1,21,69
9,25,3
9,26,88
6,22,23
6,4,46
14,22,87
13,27,8
9,28,50
2,12,11
11,18,65
11,28,50
14,19,67
14,29,7
3,30,55
7,7,4
6,16,13
7,1,47
3,19,91
3,26,97
5,24,96
5,5,77
14,28,50
15,20,73
12,26,74
11,27,61
2,27,16
11,27,92
1,14,94
13,10,91
14,25,96
1,18,25
10,29,30
15,22,68
1,22,60
8,8,66
10,29,73
4,20,30
12,5,57
3,4,80
14,14,6
9,14,67
10,28,1
2,30,32
7,26,47
4,20,93
3,12,8
9,16,16
3,25,99
11,1,15
15,24,58
14,11,5
1,18,44
9,27,32
8,17,15
15,17,6
3,30,48
5,25,41
2,12,3
10,10,72
2,25,55
3,3,94
9,30,70
7,25,54
8,7,95
4,9,85
7,25,53
8,24,55
2,19,59
4,20,95
3,1,27
10,8,72
3,27,61
1,27,40
15,14,49
13,20,42
11,7,90
10,26,31
3,2,1
7,5,15
15,30,95
11,16,36
5,18,16
14,21,69
7,12,12
15,18,28
13,8,97
7,28,97
8,15,75
13,29,28
7,7,1
9,25,51
2,22,72
6,28,83
1,6,73
9,13,41
10,15,37
1,20,33
9,27,71
14,11,71
15,5,68
8,3,91
15,14,66
14,21,61
1,23,27
14,12,17
5,28,65
8,28,88
8,13,67
4,3,79
1,21,32
6,24,80
14,4,18
15,19,10
6,26,19
12,5,43
11,6,36
1,4,96
10,17,83
6,22,62
11,24,12
1,16,98
10,16,9
3,13,62
2,16,18
14,11,74
15,5,44
1,30,38
3,2,43
14,11,87
6,17,97
7,19,43
6,2,76
8,24,39
6,28,58
5,11,31
13,18,89
14,8,27
12,7,51
13,1,27
9,14,97
12,24,48
5,15,21
4,5,41
8,23,45
1,15,48
6,9,12
6,1,10
4,14,12
11,25,90
12,23,1
7,4,74
1,4,73
10,26,90
2,15,21
7,7,2
15,22,44
9,30,53
2,18,70
7,23,98
12,16,18
1,2,27
3,1,20
4,17,86
6,29,100
5,3,54
4,18,35
14,4,38
10,28,11
2,22,48
11,2,35
5,13,3
6,9,76
8,13,10
1,10,61
15,22,70
6,21,41
14,28,77
13,28,30
9,19,81
5,14,57
1,14,90
5,29,32
8,23,75
11,13,55
11,6,12
6,6,1
6,1,74
2,19,40
2,14,38
10,14,8
11,28,39
5,9,46
8,2,28
11,13,86
15,24,35
11,5,34
4,24,88
11,15,56
2,16,84
1,8,74
9,12,92
10,22,68
15,3,83
